2026-07-29 17:02:30.492 INFO  [background-preinit] o.h.validator.internal.util.Version - HV000001: Hibernate Validator 9.0.1.Final
2026-07-29 17:02:30.617 INFO  [main] c.p.c.ContentServiceApplication - Starting ContentServiceApplication using Java 17.0.19 with PID 384267 (/home/pradeep/Desktop/coding/web_2_projects/Software-Engineering/PrevPaperApp/content-service/target/classes started by pradeep in /home/pradeep/Desktop/coding/web_2_projects/Software-Engineering/PrevPaperApp)
2026-07-29 17:02:30.619 INFO  [main] c.p.c.ContentServiceApplication - No active profile set, falling back to 1 default profile: "default"
2026-07-29 17:02:32.193 INFO  [main] o.s.d.r.c.RepositoryConfigurationDelegate - Multiple Spring Data modules found, entering strict repository configuration mode
2026-07-29 17:02:32.194 INFO  [main] o.s.d.r.c.RepositoryConfigurationDelegate - Bootstrapping Spring Data JPA repositories in DEFAULT mode.
2026-07-29 17:02:32.481 INFO  [main] o.s.d.r.c.RepositoryConfigurationDelegate - Finished Spring Data repository scanning in 267 ms. Found 1 JPA repository interface.
2026-07-29 17:02:33.062 INFO  [main] o.s.d.r.c.RepositoryConfigurationDelegate - Multiple Spring Data modules found, entering strict repository configuration mode
2026-07-29 17:02:33.065 INFO  [main] o.s.d.r.c.RepositoryConfigurationDelegate - Bootstrapping Spring Data Redis repositories in DEFAULT mode.
2026-07-29 17:02:33.112 INFO  [main] o.s.d.r.c.RepositoryConfigurationExtensionSupport - Spring Data Redis - Could not safely identify store assignment for repository candidate interface com.prevpaper.content.repository.ContentRepository; If you want this repository to be a Redis repository, consider annotating your entities with one of these annotations: org.springframework.data.redis.core.RedisHash (preferred), or consider extending one of the following types with your repository: org.springframework.data.keyvalue.repository.KeyValueRepository
2026-07-29 17:02:33.113 INFO  [main] o.s.d.r.c.RepositoryConfigurationDelegate - Finished Spring Data repository scanning in 24 ms. Found 0 Redis repository interfaces.
2026-07-29 17:02:34.173 INFO  [main] o.s.cloud.context.scope.GenericScope - BeanFactory id=e16f218b-1c83-314f-911e-395706c25982
2026-07-29 17:02:34.976 INFO  [main] o.s.boot.tomcat.TomcatWebServer - Tomcat initialized with port 8090 (http)
2026-07-29 17:02:34.997 INFO  [main] o.a.coyote.http11.Http11NioProtocol - Initializing ProtocolHandler ["http-nio-8090"]
2026-07-29 17:02:35.000 INFO  [main] o.a.catalina.core.StandardService - Starting service [Tomcat]
2026-07-29 17:02:35.001 INFO  [main] o.a.catalina.core.StandardEngine - Starting Servlet engine: [Apache Tomcat/11.0.18]
2026-07-29 17:02:35.148 INFO  [main] o.s.b.w.c.s.WebApplicationContextInitializer - Root WebApplicationContext: initialization completed in 4391 ms
2026-07-29 17:02:36.450 INFO  [main] org.hibernate.orm.jpa - HHH008540: Processing PersistenceUnitInfo [name: default]
2026-07-29 17:02:36.589 INFO  [main] org.hibernate.orm.core - HHH000001: Hibernate ORM core version 7.2.4.Final
2026-07-29 17:02:37.771 INFO  [main] o.s.o.j.p.SpringPersistenceUnitInfo - No LoadTimeWeaver setup: ignoring JPA class transformer
2026-07-29 17:02:37.865 INFO  [main] com.zaxxer.hikari.HikariDataSource - HikariPool-1 - Starting...
2026-07-29 17:02:38.485 INFO  [main] com.zaxxer.hikari.pool.HikariPool - HikariPool-1 - Added connection org.postgresql.jdbc.PgConnection@96448ee
2026-07-29 17:02:38.490 INFO  [main] com.zaxxer.hikari.HikariDataSource - HikariPool-1 - Start completed.
2026-07-29 17:02:38.613 WARN  [main] org.hibernate.orm.deprecation - HHH90000025: PostgreSQLDialect does not need to be specified explicitly using 'hibernate.dialect' (remove the property setting and it will be selected by default)
2026-07-29 17:02:38.676 INFO  [main] o.hibernate.orm.connections.pooling - HHH10001005: Database info:
	Database JDBC URL [jdbc:postgresql://localhost:5432/content_db]
	Database driver: PostgreSQL JDBC Driver
	Database dialect: PostgreSQLDialect
	Database version: 16.14
	Default catalog/schema: content_db/public
	Autocommit mode: undefined/unknown
	Isolation level: READ_COMMITTED [default READ_COMMITTED]
	JDBC fetch size: none
	Pool: DataSourceConnectionProvider
	Minimum pool size: undefined/unknown
	Maximum pool size: undefined/unknown
2026-07-29 17:02:40.899 INFO  [main] org.hibernate.orm.core - HHH000489: No JTA platform available (set 'hibernate.transaction.jta.platform' to enable JTA platform integration)
2026-07-29 17:02:41.039 INFO  [main] o.s.o.j.LocalContainerEntityManagerFactoryBean - Initialized JPA EntityManagerFactory for persistence unit 'default'
2026-07-29 17:02:41.216 INFO  [main] o.s.d.j.r.q.QueryEnhancerFactories - Hibernate is in classpath; If applicable, HQL parser will be used.
2026-07-29 17:02:43.933 WARN  [main] o.s.b.j.a.JpaBaseConfiguration$JpaWebConfiguration - spring.jpa.open-in-view is enabled by default. Therefore, database queries may be performed during view rendering. Explicitly configure spring.jpa.open-in-view to disable this warning
2026-07-29 17:02:47.873 INFO  [main] o.s.c.n.e.c.DiscoveryClientOptionalArgsConfiguration - Eureka HTTP Client uses RestClient.
2026-07-29 17:02:47.995 WARN  [main] o.s.c.l.c.LoadBalancerCacheAutoConfiguration$LoadBalancerCaffeineWarnLogger - Spring Cloud LoadBalancer is currently working with the default cache. While this cache implementation is useful for development and tests, it's recommended to use Caffeine cache in production.You can switch to using Caffeine cache, by adding it and org.springframework.cache.caffeine.CaffeineCacheManager to the classpath.
2026-07-29 17:02:48.045 INFO  [main] o.s.b.a.e.web.EndpointLinksResolver - Exposing 1 endpoint beneath base path '/actuator'
2026-07-29 17:02:48.257 INFO  [main] o.a.k.common.config.AbstractConfig - AdminClientConfig values: 
	bootstrap.controllers = []
	bootstrap.servers = [localhost:9092]
	client.dns.lookup = use_all_dns_ips
	client.id = CONTENT-SERVICE-admin-0
	connections.max.idle.ms = 300000
	default.api.timeout.ms = 60000
	enable.metrics.push = false
	metadata.max.age.ms = 300000
	metadata.recovery.rebootstrap.trigger.ms = 300000
	metadata.recovery.strategy = rebootstrap
	metric.reporters = [org.apache.kafka.common.metrics.JmxReporter]
	metrics.num.samples = 2
	metrics.recording.level = INFO
	metrics.sample.window.ms = 30000
	receive.buffer.bytes = 65536
	reconnect.backoff.max.ms = 1000
	reconnect.backoff.ms = 50
	request.timeout.ms = 30000
	retries = 2147483647
	retry.backoff.max.ms = 1000
	retry.backoff.ms = 100
	sasl.client.callback.handler.class = null
	sasl.jaas.config = null
	sasl.kerberos.kinit.cmd = /usr/bin/kinit
	sasl.kerberos.min.time.before.relogin = 60000
	sasl.kerberos.service.name = null
	sasl.kerberos.ticket.renew.jitter = 0.05
	sasl.kerberos.ticket.renew.window.factor = 0.8
	sasl.login.callback.handler.class = null
	sasl.login.class = null
	sasl.login.connect.timeout.ms = null
	sasl.login.read.timeout.ms = null
	sasl.login.refresh.buffer.seconds = 300
	sasl.login.refresh.min.period.seconds = 60
	sasl.login.refresh.window.factor = 0.8
	sasl.login.refresh.window.jitter = 0.05
	sasl.login.retry.backoff.max.ms = 10000
	sasl.login.retry.backoff.ms = 100
	sasl.mechanism = GSSAPI
	sasl.oauthbearer.assertion.algorithm = RS256
	sasl.oauthbearer.assertion.claim.aud = null
	sasl.oauthbearer.assertion.claim.exp.seconds = 300
	sasl.oauthbearer.assertion.claim.iss = null
	sasl.oauthbearer.assertion.claim.jti.include = false
	sasl.oauthbearer.assertion.claim.nbf.seconds = 60
	sasl.oauthbearer.assertion.claim.sub = null
	sasl.oauthbearer.assertion.file = null
	sasl.oauthbearer.assertion.private.key.file = null
	sasl.oauthbearer.assertion.private.key.passphrase = null
	sasl.oauthbearer.assertion.template.file = null
	sasl.oauthbearer.client.credentials.client.id = null
	sasl.oauthbearer.client.credentials.client.secret = null
	sasl.oauthbearer.clock.skew.seconds = 30
	sasl.oauthbearer.expected.audience = null
	sasl.oauthbearer.expected.issuer = null
	sasl.oauthbearer.header.urlencode = false
	sasl.oauthbearer.jwks.endpoint.refresh.ms = 3600000
	sasl.oauthbearer.jwks.endpoint.retry.backoff.max.ms = 10000
	sasl.oauthbearer.jwks.endpoint.retry.backoff.ms = 100
	sasl.oauthbearer.jwks.endpoint.url = null
	sasl.oauthbearer.jwt.retriever.class = class org.apache.kafka.common.security.oauthbearer.DefaultJwtRetriever
	sasl.oauthbearer.jwt.validator.class = class org.apache.kafka.common.security.oauthbearer.DefaultJwtValidator
	sasl.oauthbearer.scope = null
	sasl.oauthbearer.scope.claim.name = scope
	sasl.oauthbearer.sub.claim.name = sub
	sasl.oauthbearer.token.endpoint.url = null
	security.protocol = PLAINTEXT
	security.providers = null
	send.buffer.bytes = 131072
	socket.connection.setup.timeout.max.ms = 30000
	socket.connection.setup.timeout.ms = 10000
	ssl.cipher.suites = null
	ssl.enabled.protocols = [TLSv1.2, TLSv1.3]
	ssl.endpoint.identification.algorithm = https
	ssl.engine.factory.class = null
	ssl.key.password = null
	ssl.keymanager.algorithm = SunX509
	ssl.keystore.certificate.chain = null
	ssl.keystore.key = null
	ssl.keystore.location = null
	ssl.keystore.password = null
	ssl.keystore.type = JKS
	ssl.protocol = TLSv1.3
	ssl.provider = null
	ssl.secure.random.implementation = null
	ssl.trustmanager.algorithm = PKIX
	ssl.truststore.certificates = null
	ssl.truststore.location = null
	ssl.truststore.password = null
	ssl.truststore.type = JKS

2026-07-29 17:02:48.378 INFO  [main] o.a.kafka.common.utils.AppInfoParser - Kafka version: 4.1.1
2026-07-29 17:02:48.378 INFO  [main] o.a.kafka.common.utils.AppInfoParser - Kafka commitId: be816b82d25370ce
2026-07-29 17:02:48.378 INFO  [main] o.a.kafka.common.utils.AppInfoParser - Kafka startTimeMs: 1785324768375
2026-07-29 17:02:48.409 INFO  [kafka-admin-client-thread | CONTENT-SERVICE-admin-0] o.apache.kafka.clients.NetworkClient - [AdminClient clientId=CONTENT-SERVICE-admin-0] Node -1 disconnected.
2026-07-29 17:02:48.410 WARN  [kafka-admin-client-thread | CONTENT-SERVICE-admin-0] o.apache.kafka.clients.NetworkClient - [AdminClient clientId=CONTENT-SERVICE-admin-0] Connection to node -1 (localhost/127.0.0.1:9092) could not be established. Node may not be available.
2026-07-29 17:02:48.422 INFO  [kafka-admin-client-thread | CONTENT-SERVICE-admin-0] o.a.k.c.a.i.AdminMetadataManager - [AdminClient clientId=CONTENT-SERVICE-admin-0] Rebootstrapping with Cluster(id = null, nodes = [localhost:9092 (id: -1 rack: null isFenced: false)], partitions = [], controller = null)
2026-07-29 17:02:48.492 INFO  [kafka-admin-client-thread | CONTENT-SERVICE-admin-0] o.apache.kafka.clients.NetworkClient - [AdminClient clientId=CONTENT-SERVICE-admin-0] Node -1 disconnected.
2026-07-29 17:02:48.492 WARN  [kafka-admin-client-thread | CONTENT-SERVICE-admin-0] o.apache.kafka.clients.NetworkClient - [AdminClient clientId=CONTENT-SERVICE-admin-0] Connection to node -1 (localhost/127.0.0.1:9092) could not be established. Node may not be available.
2026-07-29 17:02:48.493 INFO  [kafka-admin-client-thread | CONTENT-SERVICE-admin-0] o.a.k.c.a.i.AdminMetadataManager - [AdminClient clientId=CONTENT-SERVICE-admin-0] Rebootstrapping with Cluster(id = null, nodes = [localhost:9092 (id: -1 rack: null isFenced: false)], partitions = [], controller = null)
2026-07-29 17:02:48.494 INFO  [kafka-admin-client-thread | CONTENT-SERVICE-admin-0] o.a.k.c.a.i.AdminMetadataManager - [AdminClient clientId=CONTENT-SERVICE-admin-0] Rebootstrapping with Cluster(id = null, nodes = [localhost:9092 (id: -1 rack: null isFenced: false)], partitions = [], controller = null)
2026-07-29 17:02:48.594 INFO  [kafka-admin-client-thread | CONTENT-SERVICE-admin-0] o.apache.kafka.clients.NetworkClient - [AdminClient clientId=CONTENT-SERVICE-admin-0] Node -1 disconnected.
2026-07-29 17:02:48.594 WARN  [kafka-admin-client-thread | CONTENT-SERVICE-admin-0] o.apache.kafka.clients.NetworkClient - [AdminClient clientId=CONTENT-SERVICE-admin-0] Connection to node -1 (localhost/127.0.0.1:9092) could not be established. Node may not be available.
2026-07-29 17:02:48.595 INFO  [kafka-admin-client-thread | CONTENT-SERVICE-admin-0] o.a.k.c.a.i.AdminMetadataManager - [AdminClient clientId=CONTENT-SERVICE-admin-0] Rebootstrapping with Cluster(id = null, nodes = [localhost:9092 (id: -1 rack: null isFenced: false)], partitions = [], controller = null)
2026-07-29 17:02:48.595 INFO  [kafka-admin-client-thread | CONTENT-SERVICE-admin-0] o.a.k.c.a.i.AdminMetadataManager - [AdminClient clientId=CONTENT-SERVICE-admin-0] Rebootstrapping with Cluster(id = null, nodes = [localhost:9092 (id: -1 rack: null isFenced: false)], partitions = [], controller = null)
2026-07-29 17:02:48.595 INFO  [kafka-admin-client-thread | CONTENT-SERVICE-admin-0] o.a.k.c.a.i.AdminMetadataManager - [AdminClient clientId=CONTENT-SERVICE-admin-0] Rebootstrapping with Cluster(id = null, nodes = [localhost:9092 (id: -1 rack: null isFenced: false)], partitions = [], controller = null)
2026-07-29 17:02:48.694 INFO  [kafka-admin-client-thread | CONTENT-SERVICE-admin-0] o.a.k.c.a.i.AdminMetadataManager - [AdminClient clientId=CONTENT-SERVICE-admin-0] Rebootstrapping with Cluster(id = null, nodes = [localhost:9092 (id: -1 rack: null isFenced: false)], partitions = [], controller = null)
2026-07-29 17:02:48.694 INFO  [kafka-admin-client-thread | CONTENT-SERVICE-admin-0] o.a.k.c.a.i.AdminMetadataManager - [AdminClient clientId=CONTENT-SERVICE-admin-0] Rebootstrapping with Cluster(id = null, nodes = [localhost:9092 (id: -1 rack: null isFenced: false)], partitions = [], controller = null)
2026-07-29 17:02:48.695 INFO  [kafka-admin-client-thread | CONTENT-SERVICE-admin-0] o.a.k.c.a.i.AdminMetadataManager - [AdminClient clientId=CONTENT-SERVICE-admin-0] Rebootstrapping with Cluster(id = null, nodes = [localhost:9092 (id: -1 rack: null isFenced: false)], partitions = [], controller = null)
2026-07-29 17:02:48.695 INFO  [kafka-admin-client-thread | CONTENT-SERVICE-admin-0] o.a.k.c.a.i.AdminMetadataManager - [AdminClient clientId=CONTENT-SERVICE-admin-0] Rebootstrapping with Cluster(id = null, nodes = [localhost:9092 (id: -1 rack: null isFenced: false)], partitions = [], controller = null)
2026-07-29 17:02:48.797 INFO  [kafka-admin-client-thread | CONTENT-SERVICE-admin-0] o.apache.kafka.clients.NetworkClient - [AdminClient clientId=CONTENT-SERVICE-admin-0] Node -1 disconnected.
2026-07-29 17:02:48.797 WARN  [kafka-admin-client-thread | CONTENT-SERVICE-admin-0] o.apache.kafka.clients.NetworkClient - [AdminClient clientId=CONTENT-SERVICE-admin-0] Connection to node -1 (localhost/127.0.0.1:9092) could not be established. Node may not be available.
2026-07-29 17:02:48.797 INFO  [kafka-admin-client-thread | CONTENT-SERVICE-admin-0] o.a.k.c.a.i.AdminMetadataManager - [AdminClient clientId=CONTENT-SERVICE-admin-0] Rebootstrapping with Cluster(id = null, nodes = [localhost:9092 (id: -1 rack: null isFenced: false)], partitions = [], controller = null)
2026-07-29 17:02:48.798 INFO  [kafka-admin-client-thread | CONTENT-SERVICE-admin-0] o.a.k.c.a.i.AdminMetadataManager - [AdminClient clientId=CONTENT-SERVICE-admin-0] Rebootstrapping with Cluster(id = null, nodes = [localhost:9092 (id: -1 rack: null isFenced: false)], partitions = [], controller = null)
2026-07-29 17:02:48.798 INFO  [kafka-admin-client-thread | CONTENT-SERVICE-admin-0] o.a.k.c.a.i.AdminMetadataManager - [AdminClient clientId=CONTENT-SERVICE-admin-0] Rebootstrapping with Cluster(id = null, nodes = [localhost:9092 (id: -1 rack: null isFenced: false)], partitions = [], controller = null)
2026-07-29 17:02:48.798 INFO  [kafka-admin-client-thread | CONTENT-SERVICE-admin-0] o.a.k.c.a.i.AdminMetadataManager - [AdminClient clientId=CONTENT-SERVICE-admin-0] Rebootstrapping with Cluster(id = null, nodes = [localhost:9092 (id: -1 rack: null isFenced: false)], partitions = [], controller = null)
2026-07-29 17:02:48.798 INFO  [kafka-admin-client-thread | CONTENT-SERVICE-admin-0] o.a.k.c.a.i.AdminMetadataManager - [AdminClient clientId=CONTENT-SERVICE-admin-0] Rebootstrapping with Cluster(id = null, nodes = [localhost:9092 (id: -1 rack: null isFenced: false)], partitions = [], controller = null)
2026-07-29 17:02:48.897 INFO  [kafka-admin-client-thread | CONTENT-SERVICE-admin-0] o.a.k.c.a.i.AdminMetadataManager - [AdminClient clientId=CONTENT-SERVICE-admin-0] Rebootstrapping with Cluster(id = null, nodes = [localhost:9092 (id: -1 rack: null isFenced: false)], partitions = [], controller = null)
2026-07-29 17:02:48.897 INFO  [kafka-admin-client-thread | CONTENT-SERVICE-admin-0] o.a.k.c.a.i.AdminMetadataManager - [AdminClient clientId=CONTENT-SERVICE-admin-0] Rebootstrapping with Cluster(id = null, nodes = [localhost:9092 (id: -1 rack: null isFenced: false)], partitions = [], controller = null)
2026-07-29 17:02:48.898 INFO  [kafka-admin-client-thread | CONTENT-SERVICE-admin-0] o.a.k.c.a.i.AdminMetadataManager - [AdminClient clientId=CONTENT-SERVICE-admin-0] Rebootstrapping with Cluster(id = null, nodes = [localhost:9092 (id: -1 rack: null isFenced: false)], partitions = [], controller = null)
2026-07-29 17:02:48.898 INFO  [kafka-admin-client-thread | CONTENT-SERVICE-admin-0] o.a.k.c.a.i.AdminMetadataManager - [AdminClient clientId=CONTENT-SERVICE-admin-0] Rebootstrapping with Cluster(id = null, nodes = [localhost:9092 (id: -1 rack: null isFenced: false)], partitions = [], controller = null)
2026-07-29 17:02:48.898 INFO  [kafka-admin-client-thread | CONTENT-SERVICE-admin-0] o.a.k.c.a.i.AdminMetadataManager - [AdminClient clientId=CONTENT-SERVICE-admin-0] Rebootstrapping with Cluster(id = null, nodes = [localhost:9092 (id: -1 rack: null isFenced: false)], partitions = [], controller = null)
2026-07-29 17:02:48.898 INFO  [kafka-admin-client-thread | CONTENT-SERVICE-admin-0] o.a.k.c.a.i.AdminMetadataManager - [AdminClient clientId=CONTENT-SERVICE-admin-0] Rebootstrapping with Cluster(id = null, nodes = [localhost:9092 (id: -1 rack: null isFenced: false)], partitions = [], controller = null)
2026-07-29 17:02:48.999 INFO  [kafka-admin-client-thread | CONTENT-SERVICE-admin-0] o.a.k.c.a.i.AdminMetadataManager - [AdminClient clientId=CONTENT-SERVICE-admin-0] Rebootstrapping with Cluster(id = null, nodes = [localhost:9092 (id: -1 rack: null isFenced: false)], partitions = [], controller = null)
2026-07-29 17:02:49.000 INFO  [kafka-admin-client-thread | CONTENT-SERVICE-admin-0] o.a.k.c.a.i.AdminMetadataManager - [AdminClient clientId=CONTENT-SERVICE-admin-0] Rebootstrapping with Cluster(id = null, nodes = [localhost:9092 (id: -1 rack: null isFenced: false)], partitions = [], controller = null)
2026-07-29 17:02:49.000 INFO  [kafka-admin-client-thread | CONTENT-SERVICE-admin-0] o.a.k.c.a.i.AdminMetadataManager - [AdminClient clientId=CONTENT-SERVICE-admin-0] Rebootstrapping with Cluster(id = null, nodes = [localhost:9092 (id: -1 rack: null isFenced: false)], partitions = [], controller = null)
2026-07-29 17:02:49.000 INFO  [kafka-admin-client-thread | CONTENT-SERVICE-admin-0] o.a.k.c.a.i.AdminMetadataManager - [AdminClient clientId=CONTENT-SERVICE-admin-0] Rebootstrapping with Cluster(id = null, nodes = [localhost:9092 (id: -1 rack: null isFenced: false)], partitions = [], controller = null)
2026-07-29 17:02:49.000 INFO  [kafka-admin-client-thread | CONTENT-SERVICE-admin-0] o.a.k.c.a.i.AdminMetadataManager - [AdminClient clientId=CONTENT-SERVICE-admin-0] Rebootstrapping with Cluster(id = null, nodes = [localhost:9092 (id: -1 rack: null isFenced: false)], partitions = [], controller = null)
2026-07-29 17:02:49.000 INFO  [kafka-admin-client-thread | CONTENT-SERVICE-admin-0] o.a.k.c.a.i.AdminMetadataManager - [AdminClient clientId=CONTENT-SERVICE-admin-0] Rebootstrapping with Cluster(id = null, nodes = [localhost:9092 (id: -1 rack: null isFenced: false)], partitions = [], controller = null)
2026-07-29 17:02:49.001 INFO  [kafka-admin-client-thread | CONTENT-SERVICE-admin-0] o.a.k.c.a.i.AdminMetadataManager - [AdminClient clientId=CONTENT-SERVICE-admin-0] Rebootstrapping with Cluster(id = null, nodes = [localhost:9092 (id: -1 rack: null isFenced: false)], partitions = [], controller = null)
2026-07-29 17:02:49.101 INFO  [kafka-admin-client-thread | CONTENT-SERVICE-admin-0] o.a.k.c.a.i.AdminMetadataManager - [AdminClient clientId=CONTENT-SERVICE-admin-0] Rebootstrapping with Cluster(id = null, nodes = [localhost:9092 (id: -1 rack: null isFenced: false)], partitions = [], controller = null)
2026-07-29 17:02:49.102 INFO  [kafka-admin-client-thread | CONTENT-SERVICE-admin-0] o.a.k.c.a.i.AdminMetadataManager - [AdminClient clientId=CONTENT-SERVICE-admin-0] Rebootstrapping with Cluster(id = null, nodes = [localhost:9092 (id: -1 rack: null isFenced: false)], partitions = [], controller = null)
2026-07-29 17:02:49.102 INFO  [kafka-admin-client-thread | CONTENT-SERVICE-admin-0] o.a.k.c.a.i.AdminMetadataManager - [AdminClient clientId=CONTENT-SERVICE-admin-0] Rebootstrapping with Cluster(id = null, nodes = [localhost:9092 (id: -1 rack: null isFenced: false)], partitions = [], controller = null)
2026-07-29 17:02:49.102 INFO  [kafka-admin-client-thread | CONTENT-SERVICE-admin-0] o.a.k.c.a.i.AdminMetadataManager - [AdminClient clientId=CONTENT-SERVICE-admin-0] Rebootstrapping with Cluster(id = null, nodes = [localhost:9092 (id: -1 rack: null isFenced: false)], partitions = [], controller = null)
2026-07-29 17:02:49.103 INFO  [kafka-admin-client-thread | CONTENT-SERVICE-admin-0] o.a.k.c.a.i.AdminMetadataManager - [AdminClient clientId=CONTENT-SERVICE-admin-0] Rebootstrapping with Cluster(id = null, nodes = [localhost:9092 (id: -1 rack: null isFenced: false)], partitions = [], controller = null)
2026-07-29 17:02:49.103 INFO  [kafka-admin-client-thread | CONTENT-SERVICE-admin-0] o.a.k.c.a.i.AdminMetadataManager - [AdminClient clientId=CONTENT-SERVICE-admin-0] Rebootstrapping with Cluster(id = null, nodes = [localhost:9092 (id: -1 rack: null isFenced: false)], partitions = [], controller = null)
2026-07-29 17:02:49.103 INFO  [kafka-admin-client-thread | CONTENT-SERVICE-admin-0] o.a.k.c.a.i.AdminMetadataManager - [AdminClient clientId=CONTENT-SERVICE-admin-0] Rebootstrapping with Cluster(id = null, nodes = [localhost:9092 (id: -1 rack: null isFenced: false)], partitions = [], controller = null)
2026-07-29 17:02:49.103 INFO  [kafka-admin-client-thread | CONTENT-SERVICE-admin-0] o.a.k.c.a.i.AdminMetadataManager - [AdminClient clientId=CONTENT-SERVICE-admin-0] Rebootstrapping with Cluster(id = null, nodes = [localhost:9092 (id: -1 rack: null isFenced: false)], partitions = [], controller = null)
2026-07-29 17:02:49.205 INFO  [kafka-admin-client-thread | CONTENT-SERVICE-admin-0] o.apache.kafka.clients.NetworkClient - [AdminClient clientId=CONTENT-SERVICE-admin-0] Node -1 disconnected.
2026-07-29 17:02:49.206 WARN  [kafka-admin-client-thread | CONTENT-SERVICE-admin-0] o.apache.kafka.clients.NetworkClient - [AdminClient clientId=CONTENT-SERVICE-admin-0] Connection to node -1 (localhost/127.0.0.1:9092) could not be established. Node may not be available.
2026-07-29 17:02:49.206 INFO  [kafka-admin-client-thread | CONTENT-SERVICE-admin-0] o.a.k.c.a.i.AdminMetadataManager - [AdminClient clientId=CONTENT-SERVICE-admin-0] Rebootstrapping with Cluster(id = null, nodes = [localhost:9092 (id: -1 rack: null isFenced: false)], partitions = [], controller = null)
2026-07-29 17:02:49.206 INFO  [kafka-admin-client-thread | CONTENT-SERVICE-admin-0] o.a.k.c.a.i.AdminMetadataManager - [AdminClient clientId=CONTENT-SERVICE-admin-0] Rebootstrapping with Cluster(id = null, nodes = [localhost:9092 (id: -1 rack: null isFenced: false)], partitions = [], controller = null)
2026-07-29 17:02:49.206 INFO  [kafka-admin-client-thread | CONTENT-SERVICE-admin-0] o.a.k.c.a.i.AdminMetadataManager - [AdminClient clientId=CONTENT-SERVICE-admin-0] Rebootstrapping with Cluster(id = null, nodes = [localhost:9092 (id: -1 rack: null isFenced: false)], partitions = [], controller = null)
2026-07-29 17:02:49.207 INFO  [kafka-admin-client-thread | CONTENT-SERVICE-admin-0] o.a.k.c.a.i.AdminMetadataManager - [AdminClient clientId=CONTENT-SERVICE-admin-0] Rebootstrapping with Cluster(id = null, nodes = [localhost:9092 (id: -1 rack: null isFenced: false)], partitions = [], controller = null)
2026-07-29 17:02:49.207 INFO  [kafka-admin-client-thread | CONTENT-SERVICE-admin-0] o.a.k.c.a.i.AdminMetadataManager - [AdminClient clientId=CONTENT-SERVICE-admin-0] Rebootstrapping with Cluster(id = null, nodes = [localhost:9092 (id: -1 rack: null isFenced: false)], partitions = [], controller = null)
2026-07-29 17:02:49.207 INFO  [kafka-admin-client-thread | CONTENT-SERVICE-admin-0] o.a.k.c.a.i.AdminMetadataManager - [AdminClient clientId=CONTENT-SERVICE-admin-0] Rebootstrapping with Cluster(id = null, nodes = [localhost:9092 (id: -1 rack: null isFenced: false)], partitions = [], controller = null)
2026-07-29 17:02:49.207 INFO  [kafka-admin-client-thread | CONTENT-SERVICE-admin-0] o.a.k.c.a.i.AdminMetadataManager - [AdminClient clientId=CONTENT-SERVICE-admin-0] Rebootstrapping with Cluster(id = null, nodes = [localhost:9092 (id: -1 rack: null isFenced: false)], partitions = [], controller = null)
2026-07-29 17:02:49.207 INFO  [kafka-admin-client-thread | CONTENT-SERVICE-admin-0] o.a.k.c.a.i.AdminMetadataManager - [AdminClient clientId=CONTENT-SERVICE-admin-0] Rebootstrapping with Cluster(id = null, nodes = [localhost:9092 (id: -1 rack: null isFenced: false)], partitions = [], controller = null)
2026-07-29 17:02:49.207 INFO  [kafka-admin-client-thread | CONTENT-SERVICE-admin-0] o.a.k.c.a.i.AdminMetadataManager - [AdminClient clientId=CONTENT-SERVICE-admin-0] Rebootstrapping with Cluster(id = null, nodes = [localhost:9092 (id: -1 rack: null isFenced: false)], partitions = [], controller = null)
2026-07-29 17:02:49.306 INFO  [kafka-admin-client-thread | CONTENT-SERVICE-admin-0] o.a.k.c.a.i.AdminMetadataManager - [AdminClient clientId=CONTENT-SERVICE-admin-0] Rebootstrapping with Cluster(id = null, nodes = [localhost:9092 (id: -1 rack: null isFenced: false)], partitions = [], controller = null)
2026-07-29 17:02:49.307 INFO  [kafka-admin-client-thread | CONTENT-SERVICE-admin-0] o.a.k.c.a.i.AdminMetadataManager - [AdminClient clientId=CONTENT-SERVICE-admin-0] Rebootstrapping with Cluster(id = null, nodes = [localhost:9092 (id: -1 rack: null isFenced: false)], partitions = [], controller = null)
2026-07-29 17:02:49.308 INFO  [kafka-admin-client-thread | CONTENT-SERVICE-admin-0] o.a.k.c.a.i.AdminMetadataManager - [AdminClient clientId=CONTENT-SERVICE-admin-0] Rebootstrapping with Cluster(id = null, nodes = [localhost:9092 (id: -1 rack: null isFenced: false)], partitions = [], controller = null)
2026-07-29 17:02:49.308 INFO  [kafka-admin-client-thread | CONTENT-SERVICE-admin-0] o.a.k.c.a.i.AdminMetadataManager - [AdminClient clientId=CONTENT-SERVICE-admin-0] Rebootstrapping with Cluster(id = null, nodes = [localhost:9092 (id: -1 rack: null isFenced: false)], partitions = [], controller = null)
2026-07-29 17:02:49.309 INFO  [kafka-admin-client-thread | CONTENT-SERVICE-admin-0] o.a.k.c.a.i.AdminMetadataManager - [AdminClient clientId=CONTENT-SERVICE-admin-0] Rebootstrapping with Cluster(id = null, nodes = [localhost:9092 (id: -1 rack: null isFenced: false)], partitions = [], controller = null)
2026-07-29 17:02:49.309 INFO  [kafka-admin-client-thread | CONTENT-SERVICE-admin-0] o.a.k.c.a.i.AdminMetadataManager - [AdminClient clientId=CONTENT-SERVICE-admin-0] Rebootstrapping with Cluster(id = null, nodes = [localhost:9092 (id: -1 rack: null isFenced: false)], partitions = [], controller = null)
2026-07-29 17:02:49.309 INFO  [kafka-admin-client-thread | CONTENT-SERVICE-admin-0] o.a.k.c.a.i.AdminMetadataManager - [AdminClient clientId=CONTENT-SERVICE-admin-0] Rebootstrapping with Cluster(id = null, nodes = [localhost:9092 (id: -1 rack: null isFenced: false)], partitions = [], controller = null)
2026-07-29 17:02:49.310 INFO  [kafka-admin-client-thread | CONTENT-SERVICE-admin-0] o.a.k.c.a.i.AdminMetadataManager - [AdminClient clientId=CONTENT-SERVICE-admin-0] Rebootstrapping with Cluster(id = null, nodes = [localhost:9092 (id: -1 rack: null isFenced: false)], partitions = [], controller = null)
2026-07-29 17:02:49.310 INFO  [kafka-admin-client-thread | CONTENT-SERVICE-admin-0] o.a.k.c.a.i.AdminMetadataManager - [AdminClient clientId=CONTENT-SERVICE-admin-0] Rebootstrapping with Cluster(id = null, nodes = [localhost:9092 (id: -1 rack: null isFenced: false)], partitions = [], controller = null)
2026-07-29 17:02:49.310 INFO  [kafka-admin-client-thread | CONTENT-SERVICE-admin-0] o.a.k.c.a.i.AdminMetadataManager - [AdminClient clientId=CONTENT-SERVICE-admin-0] Rebootstrapping with Cluster(id = null, nodes = [localhost:9092 (id: -1 rack: null isFenced: false)], partitions = [], controller = null)
2026-07-29 17:02:49.411 INFO  [kafka-admin-client-thread | CONTENT-SERVICE-admin-0] o.a.k.c.a.i.AdminMetadataManager - [AdminClient clientId=CONTENT-SERVICE-admin-0] Rebootstrapping with Cluster(id = null, nodes = [localhost:9092 (id: -1 rack: null isFenced: false)], partitions = [], controller = null)
2026-07-29 17:02:49.411 INFO  [kafka-admin-client-thread | CONTENT-SERVICE-admin-0] o.a.k.c.a.i.AdminMetadataManager - [AdminClient clientId=CONTENT-SERVICE-admin-0] Rebootstrapping with Cluster(id = null, nodes = [localhost:9092 (id: -1 rack: null isFenced: false)], partitions = [], controller = null)
2026-07-29 17:02:49.411 INFO  [kafka-admin-client-thread | CONTENT-SERVICE-admin-0] o.a.k.c.a.i.AdminMetadataManager - [AdminClient clientId=CONTENT-SERVICE-admin-0] Rebootstrapping with Cluster(id = null, nodes = [localhost:9092 (id: -1 rack: null isFenced: false)], partitions = [], controller = null)
2026-07-29 17:02:49.412 INFO  [kafka-admin-client-thread | CONTENT-SERVICE-admin-0] o.a.k.c.a.i.AdminMetadataManager - [AdminClient clientId=CONTENT-SERVICE-admin-0] Rebootstrapping with Cluster(id = null, nodes = [localhost:9092 (id: -1 rack: null isFenced: false)], partitions = [], controller = null)
2026-07-29 17:02:49.412 INFO  [kafka-admin-client-thread | CONTENT-SERVICE-admin-0] o.a.k.c.a.i.AdminMetadataManager - [AdminClient clientId=CONTENT-SERVICE-admin-0] Rebootstrapping with Cluster(id = null, nodes = [localhost:9092 (id: -1 rack: null isFenced: false)], partitions = [], controller = null)
2026-07-29 17:02:49.412 INFO  [kafka-admin-client-thread | CONTENT-SERVICE-admin-0] o.a.k.c.a.i.AdminMetadataManager - [AdminClient clientId=CONTENT-SERVICE-admin-0] Rebootstrapping with Cluster(id = null, nodes = [localhost:9092 (id: -1 rack: null isFenced: false)], partitions = [], controller = null)
2026-07-29 17:02:49.412 INFO  [kafka-admin-client-thread | CONTENT-SERVICE-admin-0] o.a.k.c.a.i.AdminMetadataManager - [AdminClient clientId=CONTENT-SERVICE-admin-0] Rebootstrapping with Cluster(id = null, nodes = [localhost:9092 (id: -1 rack: null isFenced: false)], partitions = [], controller = null)
2026-07-29 17:02:49.412 INFO  [kafka-admin-client-thread | CONTENT-SERVICE-admin-0] o.a.k.c.a.i.AdminMetadataManager - [AdminClient clientId=CONTENT-SERVICE-admin-0] Rebootstrapping with Cluster(id = null, nodes = [localhost:9092 (id: -1 rack: null isFenced: false)], partitions = [], controller = null)
2026-07-29 17:02:49.412 INFO  [kafka-admin-client-thread | CONTENT-SERVICE-admin-0] o.a.k.c.a.i.AdminMetadataManager - [AdminClient clientId=CONTENT-SERVICE-admin-0] Rebootstrapping with Cluster(id = null, nodes = [localhost:9092 (id: -1 rack: null isFenced: false)], partitions = [], controller = null)
2026-07-29 17:02:49.412 INFO  [kafka-admin-client-thread | CONTENT-SERVICE-admin-0] o.a.k.c.a.i.AdminMetadataManager - [AdminClient clientId=CONTENT-SERVICE-admin-0] Rebootstrapping with Cluster(id = null, nodes = [localhost:9092 (id: -1 rack: null isFenced: false)], partitions = [], controller = null)
2026-07-29 17:02:49.412 INFO  [kafka-admin-client-thread | CONTENT-SERVICE-admin-0] o.a.k.c.a.i.AdminMetadataManager - [AdminClient clientId=CONTENT-SERVICE-admin-0] Rebootstrapping with Cluster(id = null, nodes = [localhost:9092 (id: -1 rack: null isFenced: false)], partitions = [], controller = null)
2026-07-29 17:02:49.513 INFO  [kafka-admin-client-thread | CONTENT-SERVICE-admin-0] o.a.k.c.a.i.AdminMetadataManager - [AdminClient clientId=CONTENT-SERVICE-admin-0] Rebootstrapping with Cluster(id = null, nodes = [localhost:9092 (id: -1 rack: null isFenced: false)], partitions = [], controller = null)
2026-07-29 17:02:49.514 INFO  [kafka-admin-client-thread | CONTENT-SERVICE-admin-0] o.a.k.c.a.i.AdminMetadataManager - [AdminClient clientId=CONTENT-SERVICE-admin-0] Rebootstrapping with Cluster(id = null, nodes = [localhost:9092 (id: -1 rack: null isFenced: false)], partitions = [], controller = null)
2026-07-29 17:02:49.514 INFO  [kafka-admin-client-thread | CONTENT-SERVICE-admin-0] o.a.k.c.a.i.AdminMetadataManager - [AdminClient clientId=CONTENT-SERVICE-admin-0] Rebootstrapping with Cluster(id = null, nodes = [localhost:9092 (id: -1 rack: null isFenced: false)], partitions = [], controller = null)
2026-07-29 17:02:49.514 INFO  [kafka-admin-client-thread | CONTENT-SERVICE-admin-0] o.a.k.c.a.i.AdminMetadataManager - [AdminClient clientId=CONTENT-SERVICE-admin-0] Rebootstrapping with Cluster(id = null, nodes = [localhost:9092 (id: -1 rack: null isFenced: false)], partitions = [], controller = null)
2026-07-29 17:02:49.514 INFO  [kafka-admin-client-thread | CONTENT-SERVICE-admin-0] o.a.k.c.a.i.AdminMetadataManager - [AdminClient clientId=CONTENT-SERVICE-admin-0] Rebootstrapping with Cluster(id = null, nodes = [localhost:9092 (id: -1 rack: null isFenced: false)], partitions = [], controller = null)
2026-07-29 17:02:49.515 INFO  [kafka-admin-client-thread | CONTENT-SERVICE-admin-0] o.a.k.c.a.i.AdminMetadataManager - [AdminClient clientId=CONTENT-SERVICE-admin-0] Rebootstrapping with Cluster(id = null, nodes = [localhost:9092 (id: -1 rack: null isFenced: false)], partitions = [], controller = null)
2026-07-29 17:02:49.515 INFO  [kafka-admin-client-thread | CONTENT-SERVICE-admin-0] o.a.k.c.a.i.AdminMetadataManager - [AdminClient clientId=CONTENT-SERVICE-admin-0] Rebootstrapping with Cluster(id = null, nodes = [localhost:9092 (id: -1 rack: null isFenced: false)], partitions = [], controller = null)
2026-07-29 17:02:49.515 INFO  [kafka-admin-client-thread | CONTENT-SERVICE-admin-0] o.a.k.c.a.i.AdminMetadataManager - [AdminClient clientId=CONTENT-SERVICE-admin-0] Rebootstrapping with Cluster(id = null, nodes = [localhost:9092 (id: -1 rack: null isFenced: false)], partitions = [], controller = null)
2026-07-29 17:02:49.515 INFO  [kafka-admin-client-thread | CONTENT-SERVICE-admin-0] o.a.k.c.a.i.AdminMetadataManager - [AdminClient clientId=CONTENT-SERVICE-admin-0] Rebootstrapping with Cluster(id = null, nodes = [localhost:9092 (id: -1 rack: null isFenced: false)], partitions = [], controller = null)
2026-07-29 17:02:49.516 INFO  [kafka-admin-client-thread | CONTENT-SERVICE-admin-0] o.a.k.c.a.i.AdminMetadataManager - [AdminClient clientId=CONTENT-SERVICE-admin-0] Rebootstrapping with Cluster(id = null, nodes = [localhost:9092 (id: -1 rack: null isFenced: false)], partitions = [], controller = null)
2026-07-29 17:02:49.518 INFO  [kafka-admin-client-thread | CONTENT-SERVICE-admin-0] o.a.k.c.a.i.AdminMetadataManager - [AdminClient clientId=CONTENT-SERVICE-admin-0] Rebootstrapping with Cluster(id = null, nodes = [localhost:9092 (id: -1 rack: null isFenced: false)], partitions = [], controller = null)
2026-07-29 17:02:49.519 INFO  [kafka-admin-client-thread | CONTENT-SERVICE-admin-0] o.a.k.c.a.i.AdminMetadataManager - [AdminClient clientId=CONTENT-SERVICE-admin-0] Rebootstrapping with Cluster(id = null, nodes = [localhost:9092 (id: -1 rack: null isFenced: false)], partitions = [], controller = null)
2026-07-29 17:02:49.619 INFO  [kafka-admin-client-thread | CONTENT-SERVICE-admin-0] o.a.k.c.a.i.AdminMetadataManager - [AdminClient clientId=CONTENT-SERVICE-admin-0] Rebootstrapping with Cluster(id = null, nodes = [localhost:9092 (id: -1 rack: null isFenced: false)], partitions = [], controller = null)
2026-07-29 17:02:49.620 INFO  [kafka-admin-client-thread | CONTENT-SERVICE-admin-0] o.a.k.c.a.i.AdminMetadataManager - [AdminClient clientId=CONTENT-SERVICE-admin-0] Rebootstrapping with Cluster(id = null, nodes = [localhost:9092 (id: -1 rack: null isFenced: false)], partitions = [], controller = null)
2026-07-29 17:02:49.621 INFO  [kafka-admin-client-thread | CONTENT-SERVICE-admin-0] o.a.k.c.a.i.AdminMetadataManager - [AdminClient clientId=CONTENT-SERVICE-admin-0] Rebootstrapping with Cluster(id = null, nodes = [localhost:9092 (id: -1 rack: null isFenced: false)], partitions = [], controller = null)
2026-07-29 17:02:49.622 INFO  [kafka-admin-client-thread | CONTENT-SERVICE-admin-0] o.a.k.c.a.i.AdminMetadataManager - [AdminClient clientId=CONTENT-SERVICE-admin-0] Rebootstrapping with Cluster(id = null, nodes = [localhost:9092 (id: -1 rack: null isFenced: false)], partitions = [], controller = null)
2026-07-29 17:02:49.622 INFO  [kafka-admin-client-thread | CONTENT-SERVICE-admin-0] o.a.k.c.a.i.AdminMetadataManager - [AdminClient clientId=CONTENT-SERVICE-admin-0] Rebootstrapping with Cluster(id = null, nodes = [localhost:9092 (id: -1 rack: null isFenced: false)], partitions = [], controller = null)
2026-07-29 17:02:49.622 INFO  [kafka-admin-client-thread | CONTENT-SERVICE-admin-0] o.a.k.c.a.i.AdminMetadataManager - [AdminClient clientId=CONTENT-SERVICE-admin-0] Rebootstrapping with Cluster(id = null, nodes = [localhost:9092 (id: -1 rack: null isFenced: false)], partitions = [], controller = null)
2026-07-29 17:02:49.623 INFO  [kafka-admin-client-thread | CONTENT-SERVICE-admin-0] o.a.k.c.a.i.AdminMetadataManager - [AdminClient clientId=CONTENT-SERVICE-admin-0] Rebootstrapping with Cluster(id = null, nodes = [localhost:9092 (id: -1 rack: null isFenced: false)], partitions = [], controller = null)
2026-07-29 17:02:49.623 INFO  [kafka-admin-client-thread | CONTENT-SERVICE-admin-0] o.a.k.c.a.i.AdminMetadataManager - [AdminClient clientId=CONTENT-SERVICE-admin-0] Rebootstrapping with Cluster(id = null, nodes = [localhost:9092 (id: -1 rack: null isFenced: false)], partitions = [], controller = null)
2026-07-29 17:02:49.623 INFO  [kafka-admin-client-thread | CONTENT-SERVICE-admin-0] o.a.k.c.a.i.AdminMetadataManager - [AdminClient clientId=CONTENT-SERVICE-admin-0] Rebootstrapping with Cluster(id = null, nodes = [localhost:9092 (id: -1 rack: null isFenced: false)], partitions = [], controller = null)
2026-07-29 17:02:49.624 INFO  [kafka-admin-client-thread | CONTENT-SERVICE-admin-0] o.a.k.c.a.i.AdminMetadataManager - [AdminClient clientId=CONTENT-SERVICE-admin-0] Rebootstrapping with Cluster(id = null, nodes = [localhost:9092 (id: -1 rack: null isFenced: false)], partitions = [], controller = null)
2026-07-29 17:02:49.624 INFO  [kafka-admin-client-thread | CONTENT-SERVICE-admin-0] o.a.k.c.a.i.AdminMetadataManager - [AdminClient clientId=CONTENT-SERVICE-admin-0] Rebootstrapping with Cluster(id = null, nodes = [localhost:9092 (id: -1 rack: null isFenced: false)], partitions = [], controller = null)
2026-07-29 17:02:49.624 INFO  [kafka-admin-client-thread | CONTENT-SERVICE-admin-0] o.a.k.c.a.i.AdminMetadataManager - [AdminClient clientId=CONTENT-SERVICE-admin-0] Rebootstrapping with Cluster(id = null, nodes = [localhost:9092 (id: -1 rack: null isFenced: false)], partitions = [], controller = null)
2026-07-29 17:02:49.625 INFO  [kafka-admin-client-thread | CONTENT-SERVICE-admin-0] o.a.k.c.a.i.AdminMetadataManager - [AdminClient clientId=CONTENT-SERVICE-admin-0] Rebootstrapping with Cluster(id = null, nodes = [localhost:9092 (id: -1 rack: null isFenced: false)], partitions = [], controller = null)
2026-07-29 17:02:49.726 INFO  [kafka-admin-client-thread | CONTENT-SERVICE-admin-0] o.a.k.c.a.i.AdminMetadataManager - [AdminClient clientId=CONTENT-SERVICE-admin-0] Rebootstrapping with Cluster(id = null, nodes = [localhost:9092 (id: -1 rack: null isFenced: false)], partitions = [], controller = null)
2026-07-29 17:02:49.726 INFO  [kafka-admin-client-thread | CONTENT-SERVICE-admin-0] o.a.k.c.a.i.AdminMetadataManager - [AdminClient clientId=CONTENT-SERVICE-admin-0] Rebootstrapping with Cluster(id = null, nodes = [localhost:9092 (id: -1 rack: null isFenced: false)], partitions = [], controller = null)
2026-07-29 17:02:49.726 INFO  [kafka-admin-client-thread | CONTENT-SERVICE-admin-0] o.a.k.c.a.i.AdminMetadataManager - [AdminClient clientId=CONTENT-SERVICE-admin-0] Rebootstrapping with Cluster(id = null, nodes = [localhost:9092 (id: -1 rack: null isFenced: false)], partitions = [], controller = null)
2026-07-29 17:02:49.727 INFO  [kafka-admin-client-thread | CONTENT-SERVICE-admin-0] o.a.k.c.a.i.AdminMetadataManager - [AdminClient clientId=CONTENT-SERVICE-admin-0] Rebootstrapping with Cluster(id = null, nodes = [localhost:9092 (id: -1 rack: null isFenced: false)], partitions = [], controller = null)
2026-07-29 17:02:49.727 INFO  [kafka-admin-client-thread | CONTENT-SERVICE-admin-0] o.a.k.c.a.i.AdminMetadataManager - [AdminClient clientId=CONTENT-SERVICE-admin-0] Rebootstrapping with Cluster(id = null, nodes = [localhost:9092 (id: -1 rack: null isFenced: false)], partitions = [], controller = null)
2026-07-29 17:02:49.727 INFO  [kafka-admin-client-thread | CONTENT-SERVICE-admin-0] o.a.k.c.a.i.AdminMetadataManager - [AdminClient clientId=CONTENT-SERVICE-admin-0] Rebootstrapping with Cluster(id = null, nodes = [localhost:9092 (id: -1 rack: null isFenced: false)], partitions = [], controller = null)
2026-07-29 17:02:49.727 INFO  [kafka-admin-client-thread | CONTENT-SERVICE-admin-0] o.a.k.c.a.i.AdminMetadataManager - [AdminClient clientId=CONTENT-SERVICE-admin-0] Rebootstrapping with Cluster(id = null, nodes = [localhost:9092 (id: -1 rack: null isFenced: false)], partitions = [], controller = null)
2026-07-29 17:02:49.727 INFO  [kafka-admin-client-thread | CONTENT-SERVICE-admin-0] o.a.k.c.a.i.AdminMetadataManager - [AdminClient clientId=CONTENT-SERVICE-admin-0] Rebootstrapping with Cluster(id = null, nodes = [localhost:9092 (id: -1 rack: null isFenced: false)], partitions = [], controller = null)
2026-07-29 17:02:49.728 INFO  [kafka-admin-client-thread | CONTENT-SERVICE-admin-0] o.a.k.c.a.i.AdminMetadataManager - [AdminClient clientId=CONTENT-SERVICE-admin-0] Rebootstrapping with Cluster(id = null, nodes = [localhost:9092 (id: -1 rack: null isFenced: false)], partitions = [], controller = null)
2026-07-29 17:02:49.728 INFO  [kafka-admin-client-thread | CONTENT-SERVICE-admin-0] o.a.k.c.a.i.AdminMetadataManager - [AdminClient clientId=CONTENT-SERVICE-admin-0] Rebootstrapping with Cluster(id = null, nodes = [localhost:9092 (id: -1 rack: null isFenced: false)], partitions = [], controller = null)
2026-07-29 17:02:49.728 INFO  [kafka-admin-client-thread | CONTENT-SERVICE-admin-0] o.a.k.c.a.i.AdminMetadataManager - [AdminClient clientId=CONTENT-SERVICE-admin-0] Rebootstrapping with Cluster(id = null, nodes = [localhost:9092 (id: -1 rack: null isFenced: false)], partitions = [], controller = null)
2026-07-29 17:02:49.728 INFO  [kafka-admin-client-thread | CONTENT-SERVICE-admin-0] o.a.k.c.a.i.AdminMetadataManager - [AdminClient clientId=CONTENT-SERVICE-admin-0] Rebootstrapping with Cluster(id = null, nodes = [localhost:9092 (id: -1 rack: null isFenced: false)], partitions = [], controller = null)
2026-07-29 17:02:49.728 INFO  [kafka-admin-client-thread | CONTENT-SERVICE-admin-0] o.a.k.c.a.i.AdminMetadataManager - [AdminClient clientId=CONTENT-SERVICE-admin-0] Rebootstrapping with Cluster(id = null, nodes = [localhost:9092 (id: -1 rack: null isFenced: false)], partitions = [], controller = null)
2026-07-29 17:02:49.729 INFO  [kafka-admin-client-thread | CONTENT-SERVICE-admin-0] o.a.k.c.a.i.AdminMetadataManager - [AdminClient clientId=CONTENT-SERVICE-admin-0] Rebootstrapping with Cluster(id = null, nodes = [localhost:9092 (id: -1 rack: null isFenced: false)], partitions = [], controller = null)
2026-07-29 17:02:49.830 INFO  [kafka-admin-client-thread | CONTENT-SERVICE-admin-0] o.a.k.c.a.i.AdminMetadataManager - [AdminClient clientId=CONTENT-SERVICE-admin-0] Rebootstrapping with Cluster(id = null, nodes = [localhost:9092 (id: -1 rack: null isFenced: false)], partitions = [], controller = null)
2026-07-29 17:02:49.831 INFO  [kafka-admin-client-thread | CONTENT-SERVICE-admin-0] o.a.k.c.a.i.AdminMetadataManager - [AdminClient clientId=CONTENT-SERVICE-admin-0] Rebootstrapping with Cluster(id = null, nodes = [localhost:9092 (id: -1 rack: null isFenced: false)], partitions = [], controller = null)
2026-07-29 17:02:49.831 INFO  [kafka-admin-client-thread | CONTENT-SERVICE-admin-0] o.a.k.c.a.i.AdminMetadataManager - [AdminClient clientId=CONTENT-SERVICE-admin-0] Rebootstrapping with Cluster(id = null, nodes = [localhost:9092 (id: -1 rack: null isFenced: false)], partitions = [], controller = null)
2026-07-29 17:02:49.832 INFO  [kafka-admin-client-thread | CONTENT-SERVICE-admin-0] o.a.k.c.a.i.AdminMetadataManager - [AdminClient clientId=CONTENT-SERVICE-admin-0] Rebootstrapping with Cluster(id = null, nodes = [localhost:9092 (id: -1 rack: null isFenced: false)], partitions = [], controller = null)
2026-07-29 17:02:49.832 INFO  [kafka-admin-client-thread | CONTENT-SERVICE-admin-0] o.a.k.c.a.i.AdminMetadataManager - [AdminClient clientId=CONTENT-SERVICE-admin-0] Rebootstrapping with Cluster(id = null, nodes = [localhost:9092 (id: -1 rack: null isFenced: false)], partitions = [], controller = null)
2026-07-29 17:02:49.832 INFO  [kafka-admin-client-thread | CONTENT-SERVICE-admin-0] o.a.k.c.a.i.AdminMetadataManager - [AdminClient clientId=CONTENT-SERVICE-admin-0] Rebootstrapping with Cluster(id = null, nodes = [localhost:9092 (id: -1 rack: null isFenced: false)], partitions = [], controller = null)
2026-07-29 17:02:49.832 INFO  [kafka-admin-client-thread | CONTENT-SERVICE-admin-0] o.a.k.c.a.i.AdminMetadataManager - [AdminClient clientId=CONTENT-SERVICE-admin-0] Rebootstrapping with Cluster(id = null, nodes = [localhost:9092 (id: -1 rack: null isFenced: false)], partitions = [], controller = null)
2026-07-29 17:02:49.832 INFO  [kafka-admin-client-thread | CONTENT-SERVICE-admin-0] o.a.k.c.a.i.AdminMetadataManager - [AdminClient clientId=CONTENT-SERVICE-admin-0] Rebootstrapping with Cluster(id = null, nodes = [localhost:9092 (id: -1 rack: null isFenced: false)], partitions = [], controller = null)
2026-07-29 17:02:49.833 INFO  [kafka-admin-client-thread | CONTENT-SERVICE-admin-0] o.a.k.c.a.i.AdminMetadataManager - [AdminClient clientId=CONTENT-SERVICE-admin-0] Rebootstrapping with Cluster(id = null, nodes = [localhost:9092 (id: -1 rack: null isFenced: false)], partitions = [], controller = null)
2026-07-29 17:02:49.833 INFO  [kafka-admin-client-thread | CONTENT-SERVICE-admin-0] o.a.k.c.a.i.AdminMetadataManager - [AdminClient clientId=CONTENT-SERVICE-admin-0] Rebootstrapping with Cluster(id = null, nodes = [localhost:9092 (id: -1 rack: null isFenced: false)], partitions = [], controller = null)
2026-07-29 17:02:49.833 INFO  [kafka-admin-client-thread | CONTENT-SERVICE-admin-0] o.a.k.c.a.i.AdminMetadataManager - [AdminClient clientId=CONTENT-SERVICE-admin-0] Rebootstrapping with Cluster(id = null, nodes = [localhost:9092 (id: -1 rack: null isFenced: false)], partitions = [], controller = null)
2026-07-29 17:02:49.833 INFO  [kafka-admin-client-thread | CONTENT-SERVICE-admin-0] o.a.k.c.a.i.AdminMetadataManager - [AdminClient clientId=CONTENT-SERVICE-admin-0] Rebootstrapping with Cluster(id = null, nodes = [localhost:9092 (id: -1 rack: null isFenced: false)], partitions = [], controller = null)
2026-07-29 17:02:49.833 INFO  [kafka-admin-client-thread | CONTENT-SERVICE-admin-0] o.a.k.c.a.i.AdminMetadataManager - [AdminClient clientId=CONTENT-SERVICE-admin-0] Rebootstrapping with Cluster(id = null, nodes = [localhost:9092 (id: -1 rack: null isFenced: false)], partitions = [], controller = null)
2026-07-29 17:02:49.833 INFO  [kafka-admin-client-thread | CONTENT-SERVICE-admin-0] o.a.k.c.a.i.AdminMetadataManager - [AdminClient clientId=CONTENT-SERVICE-admin-0] Rebootstrapping with Cluster(id = null, nodes = [localhost:9092 (id: -1 rack: null isFenced: false)], partitions = [], controller = null)
2026-07-29 17:02:49.833 INFO  [kafka-admin-client-thread | CONTENT-SERVICE-admin-0] o.a.k.c.a.i.AdminMetadataManager - [AdminClient clientId=CONTENT-SERVICE-admin-0] Rebootstrapping with Cluster(id = null, nodes = [localhost:9092 (id: -1 rack: null isFenced: false)], partitions = [], controller = null)
2026-07-29 17:02:49.935 INFO  [kafka-admin-client-thread | CONTENT-SERVICE-admin-0] o.apache.kafka.clients.NetworkClient - [AdminClient clientId=CONTENT-SERVICE-admin-0] Node -1 disconnected.
2026-07-29 17:02:49.935 WARN  [kafka-admin-client-thread | CONTENT-SERVICE-admin-0] o.apache.kafka.clients.NetworkClient - [AdminClient clientId=CONTENT-SERVICE-admin-0] Connection to node -1 (localhost/127.0.0.1:9092) could not be established. Node may not be available.
2026-07-29 17:02:49.936 INFO  [kafka-admin-client-thread | CONTENT-SERVICE-admin-0] o.a.k.c.a.i.AdminMetadataManager - [AdminClient clientId=CONTENT-SERVICE-admin-0] Rebootstrapping with Cluster(id = null, nodes = [localhost:9092 (id: -1 rack: null isFenced: false)], partitions = [], controller = null)
2026-07-29 17:02:49.936 INFO  [kafka-admin-client-thread | CONTENT-SERVICE-admin-0] o.a.k.c.a.i.AdminMetadataManager - [AdminClient clientId=CONTENT-SERVICE-admin-0] Rebootstrapping with Cluster(id = null, nodes = [localhost:9092 (id: -1 rack: null isFenced: false)], partitions = [], controller = null)
2026-07-29 17:02:49.936 INFO  [kafka-admin-client-thread | CONTENT-SERVICE-admin-0] o.a.k.c.a.i.AdminMetadataManager - [AdminClient clientId=CONTENT-SERVICE-admin-0] Rebootstrapping with Cluster(id = null, nodes = [localhost:9092 (id: -1 rack: null isFenced: false)], partitions = [], controller = null)
2026-07-29 17:02:49.937 INFO  [kafka-admin-client-thread | CONTENT-SERVICE-admin-0] o.a.k.c.a.i.AdminMetadataManager - [AdminClient clientId=CONTENT-SERVICE-admin-0] Rebootstrapping with Cluster(id = null, nodes = [localhost:9092 (id: -1 rack: null isFenced: false)], partitions = [], controller = null)
2026-07-29 17:02:49.937 INFO  [kafka-admin-client-thread | CONTENT-SERVICE-admin-0] o.a.k.c.a.i.AdminMetadataManager - [AdminClient clientId=CONTENT-SERVICE-admin-0] Rebootstrapping with Cluster(id = null, nodes = [localhost:9092 (id: -1 rack: null isFenced: false)], partitions = [], controller = null)
2026-07-29 17:02:49.937 INFO  [kafka-admin-client-thread | CONTENT-SERVICE-admin-0] o.a.k.c.a.i.AdminMetadataManager - [AdminClient clientId=CONTENT-SERVICE-admin-0] Rebootstrapping with Cluster(id = null, nodes = [localhost:9092 (id: -1 rack: null isFenced: false)], partitions = [], controller = null)
2026-07-29 17:02:49.937 INFO  [kafka-admin-client-thread | CONTENT-SERVICE-admin-0] o.a.k.c.a.i.AdminMetadataManager - [AdminClient clientId=CONTENT-SERVICE-admin-0] Rebootstrapping with Cluster(id = null, nodes = [localhost:9092 (id: -1 rack: null isFenced: false)], partitions = [], controller = null)
2026-07-29 17:02:49.937 INFO  [kafka-admin-client-thread | CONTENT-SERVICE-admin-0] o.a.k.c.a.i.AdminMetadataManager - [AdminClient clientId=CONTENT-SERVICE-admin-0] Rebootstrapping with Cluster(id = null, nodes = [localhost:9092 (id: -1 rack: null isFenced: false)], partitions = [], controller = null)
2026-07-29 17:02:49.938 INFO  [kafka-admin-client-thread | CONTENT-SERVICE-admin-0] o.a.k.c.a.i.AdminMetadataManager - [AdminClient clientId=CONTENT-SERVICE-admin-0] Rebootstrapping with Cluster(id = null, nodes = [localhost:9092 (id: -1 rack: null isFenced: false)], partitions = [], controller = null)
2026-07-29 17:02:49.938 INFO  [kafka-admin-client-thread | CONTENT-SERVICE-admin-0] o.a.k.c.a.i.AdminMetadataManager - [AdminClient clientId=CONTENT-SERVICE-admin-0] Rebootstrapping with Cluster(id = null, nodes = [localhost:9092 (id: -1 rack: null isFenced: false)], partitions = [], controller = null)
2026-07-29 17:02:49.938 INFO  [kafka-admin-client-thread | CONTENT-SERVICE-admin-0] o.a.k.c.a.i.AdminMetadataManager - [AdminClient clientId=CONTENT-SERVICE-admin-0] Rebootstrapping with Cluster(id = null, nodes = [localhost:9092 (id: -1 rack: null isFenced: false)], partitions = [], controller = null)
2026-07-29 17:02:49.938 INFO  [kafka-admin-client-thread | CONTENT-SERVICE-admin-0] o.a.k.c.a.i.AdminMetadataManager - [AdminClient clientId=CONTENT-SERVICE-admin-0] Rebootstrapping with Cluster(id = null, nodes = [localhost:9092 (id: -1 rack: null isFenced: false)], partitions = [], controller = null)
2026-07-29 17:02:49.939 INFO  [kafka-admin-client-thread | CONTENT-SERVICE-admin-0] o.a.k.c.a.i.AdminMetadataManager - [AdminClient clientId=CONTENT-SERVICE-admin-0] Rebootstrapping with Cluster(id = null, nodes = [localhost:9092 (id: -1 rack: null isFenced: false)], partitions = [], controller = null)
2026-07-29 17:02:49.939 INFO  [kafka-admin-client-thread | CONTENT-SERVICE-admin-0] o.a.k.c.a.i.AdminMetadataManager - [AdminClient clientId=CONTENT-SERVICE-admin-0] Rebootstrapping with Cluster(id = null, nodes = [localhost:9092 (id: -1 rack: null isFenced: false)], partitions = [], controller = null)
2026-07-29 17:02:49.939 INFO  [kafka-admin-client-thread | CONTENT-SERVICE-admin-0] o.a.k.c.a.i.AdminMetadataManager - [AdminClient clientId=CONTENT-SERVICE-admin-0] Rebootstrapping with Cluster(id = null, nodes = [localhost:9092 (id: -1 rack: null isFenced: false)], partitions = [], controller = null)
2026-07-29 17:02:49.939 INFO  [kafka-admin-client-thread | CONTENT-SERVICE-admin-0] o.a.k.c.a.i.AdminMetadataManager - [AdminClient clientId=CONTENT-SERVICE-admin-0] Rebootstrapping with Cluster(id = null, nodes = [localhost:9092 (id: -1 rack: null isFenced: false)], partitions = [], controller = null)
2026-07-29 17:02:50.038 INFO  [kafka-admin-client-thread | CONTENT-SERVICE-admin-0] o.a.k.c.a.i.AdminMetadataManager - [AdminClient clientId=CONTENT-SERVICE-admin-0] Rebootstrapping with Cluster(id = null, nodes = [localhost:9092 (id: -1 rack: null isFenced: false)], partitions = [], controller = null)
2026-07-29 17:02:50.039 INFO  [kafka-admin-client-thread | CONTENT-SERVICE-admin-0] o.a.k.c.a.i.AdminMetadataManager - [AdminClient clientId=CONTENT-SERVICE-admin-0] Rebootstrapping with Cluster(id = null, nodes = [localhost:9092 (id: -1 rack: null isFenced: false)], partitions = [], controller = null)
2026-07-29 17:02:50.040 INFO  [kafka-admin-client-thread | CONTENT-SERVICE-admin-0] o.a.k.c.a.i.AdminMetadataManager - [AdminClient clientId=CONTENT-SERVICE-admin-0] Rebootstrapping with Cluster(id = null, nodes = [localhost:9092 (id: -1 rack: null isFenced: false)], partitions = [], controller = null)
2026-07-29 17:02:50.041 INFO  [kafka-admin-client-thread | CONTENT-SERVICE-admin-0] o.a.k.c.a.i.AdminMetadataManager - [AdminClient clientId=CONTENT-SERVICE-admin-0] Rebootstrapping with Cluster(id = null, nodes = [localhost:9092 (id: -1 rack: null isFenced: false)], partitions = [], controller = null)
2026-07-29 17:02:50.047 INFO  [kafka-admin-client-thread | CONTENT-SERVICE-admin-0] o.a.k.c.a.i.AdminMetadataManager - [AdminClient clientId=CONTENT-SERVICE-admin-0] Rebootstrapping with Cluster(id = null, nodes = [localhost:9092 (id: -1 rack: null isFenced: false)], partitions = [], controller = null)
2026-07-29 17:02:50.047 INFO  [kafka-admin-client-thread | CONTENT-SERVICE-admin-0] o.a.k.c.a.i.AdminMetadataManager - [AdminClient clientId=CONTENT-SERVICE-admin-0] Rebootstrapping with Cluster(id = null, nodes = [localhost:9092 (id: -1 rack: null isFenced: false)], partitions = [], controller = null)
2026-07-29 17:02:50.048 INFO  [kafka-admin-client-thread | CONTENT-SERVICE-admin-0] o.a.k.c.a.i.AdminMetadataManager - [AdminClient clientId=CONTENT-SERVICE-admin-0] Rebootstrapping with Cluster(id = null, nodes = [localhost:9092 (id: -1 rack: null isFenced: false)], partitions = [], controller = null)
2026-07-29 17:02:50.048 INFO  [kafka-admin-client-thread | CONTENT-SERVICE-admin-0] o.a.k.c.a.i.AdminMetadataManager - [AdminClient clientId=CONTENT-SERVICE-admin-0] Rebootstrapping with Cluster(id = null, nodes = [localhost:9092 (id: -1 rack: null isFenced: false)], partitions = [], controller = null)
2026-07-29 17:02:50.048 INFO  [kafka-admin-client-thread | CONTENT-SERVICE-admin-0] o.a.k.c.a.i.AdminMetadataManager - [AdminClient clientId=CONTENT-SERVICE-admin-0] Rebootstrapping with Cluster(id = null, nodes = [localhost:9092 (id: -1 rack: null isFenced: false)], partitions = [], controller = null)
2026-07-29 17:02:50.048 INFO  [kafka-admin-client-thread | CONTENT-SERVICE-admin-0] o.a.k.c.a.i.AdminMetadataManager - [AdminClient clientId=CONTENT-SERVICE-admin-0] Rebootstrapping with Cluster(id = null, nodes = [localhost:9092 (id: -1 rack: null isFenced: false)], partitions = [], controller = null)
2026-07-29 17:02:50.048 INFO  [kafka-admin-client-thread | CONTENT-SERVICE-admin-0] o.a.k.c.a.i.AdminMetadataManager - [AdminClient clientId=CONTENT-SERVICE-admin-0] Rebootstrapping with Cluster(id = null, nodes = [localhost:9092 (id: -1 rack: null isFenced: false)], partitions = [], controller = null)
2026-07-29 17:02:50.049 INFO  [kafka-admin-client-thread | CONTENT-SERVICE-admin-0] o.a.k.c.a.i.AdminMetadataManager - [AdminClient clientId=CONTENT-SERVICE-admin-0] Rebootstrapping with Cluster(id = null, nodes = [localhost:9092 (id: -1 rack: null isFenced: false)], partitions = [], controller = null)
2026-07-29 17:02:50.049 INFO  [kafka-admin-client-thread | CONTENT-SERVICE-admin-0] o.a.k.c.a.i.AdminMetadataManager - [AdminClient clientId=CONTENT-SERVICE-admin-0] Rebootstrapping with Cluster(id = null, nodes = [localhost:9092 (id: -1 rack: null isFenced: false)], partitions = [], controller = null)
2026-07-29 17:02:50.049 INFO  [kafka-admin-client-thread | CONTENT-SERVICE-admin-0] o.a.k.c.a.i.AdminMetadataManager - [AdminClient clientId=CONTENT-SERVICE-admin-0] Rebootstrapping with Cluster(id = null, nodes = [localhost:9092 (id: -1 rack: null isFenced: false)], partitions = [], controller = null)
2026-07-29 17:02:50.049 INFO  [kafka-admin-client-thread | CONTENT-SERVICE-admin-0] o.a.k.c.a.i.AdminMetadataManager - [AdminClient clientId=CONTENT-SERVICE-admin-0] Rebootstrapping with Cluster(id = null, nodes = [localhost:9092 (id: -1 rack: null isFenced: false)], partitions = [], controller = null)
2026-07-29 17:02:50.050 INFO  [kafka-admin-client-thread | CONTENT-SERVICE-admin-0] o.a.k.c.a.i.AdminMetadataManager - [AdminClient clientId=CONTENT-SERVICE-admin-0] Rebootstrapping with Cluster(id = null, nodes = [localhost:9092 (id: -1 rack: null isFenced: false)], partitions = [], controller = null)
2026-07-29 17:02:50.050 INFO  [kafka-admin-client-thread | CONTENT-SERVICE-admin-0] o.a.k.c.a.i.AdminMetadataManager - [AdminClient clientId=CONTENT-SERVICE-admin-0] Rebootstrapping with Cluster(id = null, nodes = [localhost:9092 (id: -1 rack: null isFenced: false)], partitions = [], controller = null)
2026-07-29 17:02:50.151 INFO  [kafka-admin-client-thread | CONTENT-SERVICE-admin-0] o.a.k.c.a.i.AdminMetadataManager - [AdminClient clientId=CONTENT-SERVICE-admin-0] Rebootstrapping with Cluster(id = null, nodes = [localhost:9092 (id: -1 rack: null isFenced: false)], partitions = [], controller = null)
2026-07-29 17:02:50.152 INFO  [kafka-admin-client-thread | CONTENT-SERVICE-admin-0] o.a.k.c.a.i.AdminMetadataManager - [AdminClient clientId=CONTENT-SERVICE-admin-0] Rebootstrapping with Cluster(id = null, nodes = [localhost:9092 (id: -1 rack: null isFenced: false)], partitions = [], controller = null)
2026-07-29 17:02:50.153 INFO  [kafka-admin-client-thread | CONTENT-SERVICE-admin-0] o.a.k.c.a.i.AdminMetadataManager - [AdminClient clientId=CONTENT-SERVICE-admin-0] Rebootstrapping with Cluster(id = null, nodes = [localhost:9092 (id: -1 rack: null isFenced: false)], partitions = [], controller = null)
2026-07-29 17:02:50.153 INFO  [kafka-admin-client-thread | CONTENT-SERVICE-admin-0] o.a.k.c.a.i.AdminMetadataManager - [AdminClient clientId=CONTENT-SERVICE-admin-0] Rebootstrapping with Cluster(id = null, nodes = [localhost:9092 (id: -1 rack: null isFenced: false)], partitions = [], controller = null)
2026-07-29 17:02:50.153 INFO  [kafka-admin-client-thread | CONTENT-SERVICE-admin-0] o.a.k.c.a.i.AdminMetadataManager - [AdminClient clientId=CONTENT-SERVICE-admin-0] Rebootstrapping with Cluster(id = null, nodes = [localhost:9092 (id: -1 rack: null isFenced: false)], partitions = [], controller = null)
2026-07-29 17:02:50.153 INFO  [kafka-admin-client-thread | CONTENT-SERVICE-admin-0] o.a.k.c.a.i.AdminMetadataManager - [AdminClient clientId=CONTENT-SERVICE-admin-0] Rebootstrapping with Cluster(id = null, nodes = [localhost:9092 (id: -1 rack: null isFenced: false)], partitions = [], controller = null)
2026-07-29 17:02:50.153 INFO  [kafka-admin-client-thread | CONTENT-SERVICE-admin-0] o.a.k.c.a.i.AdminMetadataManager - [AdminClient clientId=CONTENT-SERVICE-admin-0] Rebootstrapping with Cluster(id = null, nodes = [localhost:9092 (id: -1 rack: null isFenced: false)], partitions = [], controller = null)
2026-07-29 17:02:50.153 INFO  [kafka-admin-client-thread | CONTENT-SERVICE-admin-0] o.a.k.c.a.i.AdminMetadataManager - [AdminClient clientId=CONTENT-SERVICE-admin-0] Rebootstrapping with Cluster(id = null, nodes = [localhost:9092 (id: -1 rack: null isFenced: false)], partitions = [], controller = null)
2026-07-29 17:02:50.154 INFO  [kafka-admin-client-thread | CONTENT-SERVICE-admin-0] o.a.k.c.a.i.AdminMetadataManager - [AdminClient clientId=CONTENT-SERVICE-admin-0] Rebootstrapping with Cluster(id = null, nodes = [localhost:9092 (id: -1 rack: null isFenced: false)], partitions = [], controller = null)
2026-07-29 17:02:50.154 INFO  [kafka-admin-client-thread | CONTENT-SERVICE-admin-0] o.a.k.c.a.i.AdminMetadataManager - [AdminClient clientId=CONTENT-SERVICE-admin-0] Rebootstrapping with Cluster(id = null, nodes = [localhost:9092 (id: -1 rack: null isFenced: false)], partitions = [], controller = null)
2026-07-29 17:02:50.154 INFO  [kafka-admin-client-thread | CONTENT-SERVICE-admin-0] o.a.k.c.a.i.AdminMetadataManager - [AdminClient clientId=CONTENT-SERVICE-admin-0] Rebootstrapping with Cluster(id = null, nodes = [localhost:9092 (id: -1 rack: null isFenced: false)], partitions = [], controller = null)
2026-07-29 17:02:50.154 INFO  [kafka-admin-client-thread | CONTENT-SERVICE-admin-0] o.a.k.c.a.i.AdminMetadataManager - [AdminClient clientId=CONTENT-SERVICE-admin-0] Rebootstrapping with Cluster(id = null, nodes = [localhost:9092 (id: -1 rack: null isFenced: false)], partitions = [], controller = null)
2026-07-29 17:02:50.154 INFO  [kafka-admin-client-thread | CONTENT-SERVICE-admin-0] o.a.k.c.a.i.AdminMetadataManager - [AdminClient clientId=CONTENT-SERVICE-admin-0] Rebootstrapping with Cluster(id = null, nodes = [localhost:9092 (id: -1 rack: null isFenced: false)], partitions = [], controller = null)
2026-07-29 17:02:50.155 INFO  [kafka-admin-client-thread | CONTENT-SERVICE-admin-0] o.a.k.c.a.i.AdminMetadataManager - [AdminClient clientId=CONTENT-SERVICE-admin-0] Rebootstrapping with Cluster(id = null, nodes = [localhost:9092 (id: -1 rack: null isFenced: false)], partitions = [], controller = null)
2026-07-29 17:02:50.155 INFO  [kafka-admin-client-thread | CONTENT-SERVICE-admin-0] o.a.k.c.a.i.AdminMetadataManager - [AdminClient clientId=CONTENT-SERVICE-admin-0] Rebootstrapping with Cluster(id = null, nodes = [localhost:9092 (id: -1 rack: null isFenced: false)], partitions = [], controller = null)
2026-07-29 17:02:50.155 INFO  [kafka-admin-client-thread | CONTENT-SERVICE-admin-0] o.a.k.c.a.i.AdminMetadataManager - [AdminClient clientId=CONTENT-SERVICE-admin-0] Rebootstrapping with Cluster(id = null, nodes = [localhost:9092 (id: -1 rack: null isFenced: false)], partitions = [], controller = null)
2026-07-29 17:02:50.155 INFO  [kafka-admin-client-thread | CONTENT-SERVICE-admin-0] o.a.k.c.a.i.AdminMetadataManager - [AdminClient clientId=CONTENT-SERVICE-admin-0] Rebootstrapping with Cluster(id = null, nodes = [localhost:9092 (id: -1 rack: null isFenced: false)], partitions = [], controller = null)
2026-07-29 17:02:50.155 INFO  [kafka-admin-client-thread | CONTENT-SERVICE-admin-0] o.a.k.c.a.i.AdminMetadataManager - [AdminClient clientId=CONTENT-SERVICE-admin-0] Rebootstrapping with Cluster(id = null, nodes = [localhost:9092 (id: -1 rack: null isFenced: false)], partitions = [], controller = null)
2026-07-29 17:02:50.256 INFO  [kafka-admin-client-thread | CONTENT-SERVICE-admin-0] o.a.k.c.a.i.AdminMetadataManager - [AdminClient clientId=CONTENT-SERVICE-admin-0] Rebootstrapping with Cluster(id = null, nodes = [localhost:9092 (id: -1 rack: null isFenced: false)], partitions = [], controller = null)
2026-07-29 17:02:50.256 INFO  [kafka-admin-client-thread | CONTENT-SERVICE-admin-0] o.a.k.c.a.i.AdminMetadataManager - [AdminClient clientId=CONTENT-SERVICE-admin-0] Rebootstrapping with Cluster(id = null, nodes = [localhost:9092 (id: -1 rack: null isFenced: false)], partitions = [], controller = null)
2026-07-29 17:02:50.256 INFO  [kafka-admin-client-thread | CONTENT-SERVICE-admin-0] o.a.k.c.a.i.AdminMetadataManager - [AdminClient clientId=CONTENT-SERVICE-admin-0] Rebootstrapping with Cluster(id = null, nodes = [localhost:9092 (id: -1 rack: null isFenced: false)], partitions = [], controller = null)
2026-07-29 17:02:50.257 INFO  [kafka-admin-client-thread | CONTENT-SERVICE-admin-0] o.a.k.c.a.i.AdminMetadataManager - [AdminClient clientId=CONTENT-SERVICE-admin-0] Rebootstrapping with Cluster(id = null, nodes = [localhost:9092 (id: -1 rack: null isFenced: false)], partitions = [], controller = null)
2026-07-29 17:02:50.257 INFO  [kafka-admin-client-thread | CONTENT-SERVICE-admin-0] o.a.k.c.a.i.AdminMetadataManager - [AdminClient clientId=CONTENT-SERVICE-admin-0] Rebootstrapping with Cluster(id = null, nodes = [localhost:9092 (id: -1 rack: null isFenced: false)], partitions = [], controller = null)
2026-07-29 17:02:50.257 INFO  [kafka-admin-client-thread | CONTENT-SERVICE-admin-0] o.a.k.c.a.i.AdminMetadataManager - [AdminClient clientId=CONTENT-SERVICE-admin-0] Rebootstrapping with Cluster(id = null, nodes = [localhost:9092 (id: -1 rack: null isFenced: false)], partitions = [], controller = null)
2026-07-29 17:02:50.257 INFO  [kafka-admin-client-thread | CONTENT-SERVICE-admin-0] o.a.k.c.a.i.AdminMetadataManager - [AdminClient clientId=CONTENT-SERVICE-admin-0] Rebootstrapping with Cluster(id = null, nodes = [localhost:9092 (id: -1 rack: null isFenced: false)], partitions = [], controller = null)
2026-07-29 17:02:50.257 INFO  [kafka-admin-client-thread | CONTENT-SERVICE-admin-0] o.a.k.c.a.i.AdminMetadataManager - [AdminClient clientId=CONTENT-SERVICE-admin-0] Rebootstrapping with Cluster(id = null, nodes = [localhost:9092 (id: -1 rack: null isFenced: false)], partitions = [], controller = null)
2026-07-29 17:02:50.257 INFO  [kafka-admin-client-thread | CONTENT-SERVICE-admin-0] o.a.k.c.a.i.AdminMetadataManager - [AdminClient clientId=CONTENT-SERVICE-admin-0] Rebootstrapping with Cluster(id = null, nodes = [localhost:9092 (id: -1 rack: null isFenced: false)], partitions = [], controller = null)
2026-07-29 17:02:50.257 INFO  [kafka-admin-client-thread | CONTENT-SERVICE-admin-0] o.a.k.c.a.i.AdminMetadataManager - [AdminClient clientId=CONTENT-SERVICE-admin-0] Rebootstrapping with Cluster(id = null, nodes = [localhost:9092 (id: -1 rack: null isFenced: false)], partitions = [], controller = null)
2026-07-29 17:02:50.258 INFO  [kafka-admin-client-thread | CONTENT-SERVICE-admin-0] o.a.k.c.a.i.AdminMetadataManager - [AdminClient clientId=CONTENT-SERVICE-admin-0] Rebootstrapping with Cluster(id = null, nodes = [localhost:9092 (id: -1 rack: null isFenced: false)], partitions = [], controller = null)
2026-07-29 17:02:50.258 INFO  [kafka-admin-client-thread | CONTENT-SERVICE-admin-0] o.a.k.c.a.i.AdminMetadataManager - [AdminClient clientId=CONTENT-SERVICE-admin-0] Rebootstrapping with Cluster(id = null, nodes = [localhost:9092 (id: -1 rack: null isFenced: false)], partitions = [], controller = null)
2026-07-29 17:02:50.258 INFO  [kafka-admin-client-thread | CONTENT-SERVICE-admin-0] o.a.k.c.a.i.AdminMetadataManager - [AdminClient clientId=CONTENT-SERVICE-admin-0] Rebootstrapping with Cluster(id = null, nodes = [localhost:9092 (id: -1 rack: null isFenced: false)], partitions = [], controller = null)
2026-07-29 17:02:50.258 INFO  [kafka-admin-client-thread | CONTENT-SERVICE-admin-0] o.a.k.c.a.i.AdminMetadataManager - [AdminClient clientId=CONTENT-SERVICE-admin-0] Rebootstrapping with Cluster(id = null, nodes = [localhost:9092 (id: -1 rack: null isFenced: false)], partitions = [], controller = null)
2026-07-29 17:02:50.258 INFO  [kafka-admin-client-thread | CONTENT-SERVICE-admin-0] o.a.k.c.a.i.AdminMetadataManager - [AdminClient clientId=CONTENT-SERVICE-admin-0] Rebootstrapping with Cluster(id = null, nodes = [localhost:9092 (id: -1 rack: null isFenced: false)], partitions = [], controller = null)
2026-07-29 17:02:50.258 INFO  [kafka-admin-client-thread | CONTENT-SERVICE-admin-0] o.a.k.c.a.i.AdminMetadataManager - [AdminClient clientId=CONTENT-SERVICE-admin-0] Rebootstrapping with Cluster(id = null, nodes = [localhost:9092 (id: -1 rack: null isFenced: false)], partitions = [], controller = null)
2026-07-29 17:02:50.258 INFO  [kafka-admin-client-thread | CONTENT-SERVICE-admin-0] o.a.k.c.a.i.AdminMetadataManager - [AdminClient clientId=CONTENT-SERVICE-admin-0] Rebootstrapping with Cluster(id = null, nodes = [localhost:9092 (id: -1 rack: null isFenced: false)], partitions = [], controller = null)
2026-07-29 17:02:50.259 INFO  [kafka-admin-client-thread | CONTENT-SERVICE-admin-0] o.a.k.c.a.i.AdminMetadataManager - [AdminClient clientId=CONTENT-SERVICE-admin-0] Rebootstrapping with Cluster(id = null, nodes = [localhost:9092 (id: -1 rack: null isFenced: false)], partitions = [], controller = null)
2026-07-29 17:02:50.259 INFO  [kafka-admin-client-thread | CONTENT-SERVICE-admin-0] o.a.k.c.a.i.AdminMetadataManager - [AdminClient clientId=CONTENT-SERVICE-admin-0] Rebootstrapping with Cluster(id = null, nodes = [localhost:9092 (id: -1 rack: null isFenced: false)], partitions = [], controller = null)
2026-07-29 17:02:50.360 INFO  [kafka-admin-client-thread | CONTENT-SERVICE-admin-0] o.a.k.c.a.i.AdminMetadataManager - [AdminClient clientId=CONTENT-SERVICE-admin-0] Rebootstrapping with Cluster(id = null, nodes = [localhost:9092 (id: -1 rack: null isFenced: false)], partitions = [], controller = null)
2026-07-29 17:02:50.360 INFO  [kafka-admin-client-thread | CONTENT-SERVICE-admin-0] o.a.k.c.a.i.AdminMetadataManager - [AdminClient clientId=CONTENT-SERVICE-admin-0] Rebootstrapping with Cluster(id = null, nodes = [localhost:9092 (id: -1 rack: null isFenced: false)], partitions = [], controller = null)
2026-07-29 17:02:50.360 INFO  [kafka-admin-client-thread | CONTENT-SERVICE-admin-0] o.a.k.c.a.i.AdminMetadataManager - [AdminClient clientId=CONTENT-SERVICE-admin-0] Rebootstrapping with Cluster(id = null, nodes = [localhost:9092 (id: -1 rack: null isFenced: false)], partitions = [], controller = null)
2026-07-29 17:02:50.360 INFO  [kafka-admin-client-thread | CONTENT-SERVICE-admin-0] o.a.k.c.a.i.AdminMetadataManager - [AdminClient clientId=CONTENT-SERVICE-admin-0] Rebootstrapping with Cluster(id = null, nodes = [localhost:9092 (id: -1 rack: null isFenced: false)], partitions = [], controller = null)
2026-07-29 17:02:50.361 INFO  [kafka-admin-client-thread | CONTENT-SERVICE-admin-0] o.a.k.c.a.i.AdminMetadataManager - [AdminClient clientId=CONTENT-SERVICE-admin-0] Rebootstrapping with Cluster(id = null, nodes = [localhost:9092 (id: -1 rack: null isFenced: false)], partitions = [], controller = null)
2026-07-29 17:02:50.361 INFO  [kafka-admin-client-thread | CONTENT-SERVICE-admin-0] o.a.k.c.a.i.AdminMetadataManager - [AdminClient clientId=CONTENT-SERVICE-admin-0] Rebootstrapping with Cluster(id = null, nodes = [localhost:9092 (id: -1 rack: null isFenced: false)], partitions = [], controller = null)
2026-07-29 17:02:50.361 INFO  [kafka-admin-client-thread | CONTENT-SERVICE-admin-0] o.a.k.c.a.i.AdminMetadataManager - [AdminClient clientId=CONTENT-SERVICE-admin-0] Rebootstrapping with Cluster(id = null, nodes = [localhost:9092 (id: -1 rack: null isFenced: false)], partitions = [], controller = null)
2026-07-29 17:02:50.361 INFO  [kafka-admin-client-thread | CONTENT-SERVICE-admin-0] o.a.k.c.a.i.AdminMetadataManager - [AdminClient clientId=CONTENT-SERVICE-admin-0] Rebootstrapping with Cluster(id = null, nodes = [localhost:9092 (id: -1 rack: null isFenced: false)], partitions = [], controller = null)
2026-07-29 17:02:50.361 INFO  [kafka-admin-client-thread | CONTENT-SERVICE-admin-0] o.a.k.c.a.i.AdminMetadataManager - [AdminClient clientId=CONTENT-SERVICE-admin-0] Rebootstrapping with Cluster(id = null, nodes = [localhost:9092 (id: -1 rack: null isFenced: false)], partitions = [], controller = null)
2026-07-29 17:02:50.361 INFO  [kafka-admin-client-thread | CONTENT-SERVICE-admin-0] o.a.k.c.a.i.AdminMetadataManager - [AdminClient clientId=CONTENT-SERVICE-admin-0] Rebootstrapping with Cluster(id = null, nodes = [localhost:9092 (id: -1 rack: null isFenced: false)], partitions = [], controller = null)
2026-07-29 17:02:50.361 INFO  [kafka-admin-client-thread | CONTENT-SERVICE-admin-0] o.a.k.c.a.i.AdminMetadataManager - [AdminClient clientId=CONTENT-SERVICE-admin-0] Rebootstrapping with Cluster(id = null, nodes = [localhost:9092 (id: -1 rack: null isFenced: false)], partitions = [], controller = null)
2026-07-29 17:02:50.362 INFO  [kafka-admin-client-thread | CONTENT-SERVICE-admin-0] o.a.k.c.a.i.AdminMetadataManager - [AdminClient clientId=CONTENT-SERVICE-admin-0] Rebootstrapping with Cluster(id = null, nodes = [localhost:9092 (id: -1 rack: null isFenced: false)], partitions = [], controller = null)
2026-07-29 17:02:50.362 INFO  [kafka-admin-client-thread | CONTENT-SERVICE-admin-0] o.a.k.c.a.i.AdminMetadataManager - [AdminClient clientId=CONTENT-SERVICE-admin-0] Rebootstrapping with Cluster(id = null, nodes = [localhost:9092 (id: -1 rack: null isFenced: false)], partitions = [], controller = null)
2026-07-29 17:02:50.362 INFO  [kafka-admin-client-thread | CONTENT-SERVICE-admin-0] o.a.k.c.a.i.AdminMetadataManager - [AdminClient clientId=CONTENT-SERVICE-admin-0] Rebootstrapping with Cluster(id = null, nodes = [localhost:9092 (id: -1 rack: null isFenced: false)], partitions = [], controller = null)
2026-07-29 17:02:50.362 INFO  [kafka-admin-client-thread | CONTENT-SERVICE-admin-0] o.a.k.c.a.i.AdminMetadataManager - [AdminClient clientId=CONTENT-SERVICE-admin-0] Rebootstrapping with Cluster(id = null, nodes = [localhost:9092 (id: -1 rack: null isFenced: false)], partitions = [], controller = null)
2026-07-29 17:02:50.362 INFO  [kafka-admin-client-thread | CONTENT-SERVICE-admin-0] o.a.k.c.a.i.AdminMetadataManager - [AdminClient clientId=CONTENT-SERVICE-admin-0] Rebootstrapping with Cluster(id = null, nodes = [localhost:9092 (id: -1 rack: null isFenced: false)], partitions = [], controller = null)
2026-07-29 17:02:50.362 INFO  [kafka-admin-client-thread | CONTENT-SERVICE-admin-0] o.a.k.c.a.i.AdminMetadataManager - [AdminClient clientId=CONTENT-SERVICE-admin-0] Rebootstrapping with Cluster(id = null, nodes = [localhost:9092 (id: -1 rack: null isFenced: false)], partitions = [], controller = null)
2026-07-29 17:02:50.363 INFO  [kafka-admin-client-thread | CONTENT-SERVICE-admin-0] o.a.k.c.a.i.AdminMetadataManager - [AdminClient clientId=CONTENT-SERVICE-admin-0] Rebootstrapping with Cluster(id = null, nodes = [localhost:9092 (id: -1 rack: null isFenced: false)], partitions = [], controller = null)
2026-07-29 17:02:50.363 INFO  [kafka-admin-client-thread | CONTENT-SERVICE-admin-0] o.a.k.c.a.i.AdminMetadataManager - [AdminClient clientId=CONTENT-SERVICE-admin-0] Rebootstrapping with Cluster(id = null, nodes = [localhost:9092 (id: -1 rack: null isFenced: false)], partitions = [], controller = null)
2026-07-29 17:02:50.363 INFO  [kafka-admin-client-thread | CONTENT-SERVICE-admin-0] o.a.k.c.a.i.AdminMetadataManager - [AdminClient clientId=CONTENT-SERVICE-admin-0] Rebootstrapping with Cluster(id = null, nodes = [localhost:9092 (id: -1 rack: null isFenced: false)], partitions = [], controller = null)
2026-07-29 17:02:50.464 INFO  [kafka-admin-client-thread | CONTENT-SERVICE-admin-0] o.a.k.c.a.i.AdminMetadataManager - [AdminClient clientId=CONTENT-SERVICE-admin-0] Rebootstrapping with Cluster(id = null, nodes = [localhost:9092 (id: -1 rack: null isFenced: false)], partitions = [], controller = null)
2026-07-29 17:02:50.466 INFO  [kafka-admin-client-thread | CONTENT-SERVICE-admin-0] o.a.k.c.a.i.AdminMetadataManager - [AdminClient clientId=CONTENT-SERVICE-admin-0] Rebootstrapping with Cluster(id = null, nodes = [localhost:9092 (id: -1 rack: null isFenced: false)], partitions = [], controller = null)
2026-07-29 17:02:50.467 INFO  [kafka-admin-client-thread | CONTENT-SERVICE-admin-0] o.a.k.c.a.i.AdminMetadataManager - [AdminClient clientId=CONTENT-SERVICE-admin-0] Rebootstrapping with Cluster(id = null, nodes = [localhost:9092 (id: -1 rack: null isFenced: false)], partitions = [], controller = null)
2026-07-29 17:02:50.468 INFO  [kafka-admin-client-thread | CONTENT-SERVICE-admin-0] o.a.k.c.a.i.AdminMetadataManager - [AdminClient clientId=CONTENT-SERVICE-admin-0] Rebootstrapping with Cluster(id = null, nodes = [localhost:9092 (id: -1 rack: null isFenced: false)], partitions = [], controller = null)
2026-07-29 17:02:50.468 INFO  [kafka-admin-client-thread | CONTENT-SERVICE-admin-0] o.a.k.c.a.i.AdminMetadataManager - [AdminClient clientId=CONTENT-SERVICE-admin-0] Rebootstrapping with Cluster(id = null, nodes = [localhost:9092 (id: -1 rack: null isFenced: false)], partitions = [], controller = null)
2026-07-29 17:02:50.469 INFO  [kafka-admin-client-thread | CONTENT-SERVICE-admin-0] o.a.k.c.a.i.AdminMetadataManager - [AdminClient clientId=CONTENT-SERVICE-admin-0] Rebootstrapping with Cluster(id = null, nodes = [localhost:9092 (id: -1 rack: null isFenced: false)], partitions = [], controller = null)
2026-07-29 17:02:50.469 INFO  [kafka-admin-client-thread | CONTENT-SERVICE-admin-0] o.a.k.c.a.i.AdminMetadataManager - [AdminClient clientId=CONTENT-SERVICE-admin-0] Rebootstrapping with Cluster(id = null, nodes = [localhost:9092 (id: -1 rack: null isFenced: false)], partitions = [], controller = null)
2026-07-29 17:02:50.470 INFO  [kafka-admin-client-thread | CONTENT-SERVICE-admin-0] o.a.k.c.a.i.AdminMetadataManager - [AdminClient clientId=CONTENT-SERVICE-admin-0] Rebootstrapping with Cluster(id = null, nodes = [localhost:9092 (id: -1 rack: null isFenced: false)], partitions = [], controller = null)
2026-07-29 17:02:50.470 INFO  [kafka-admin-client-thread | CONTENT-SERVICE-admin-0] o.a.k.c.a.i.AdminMetadataManager - [AdminClient clientId=CONTENT-SERVICE-admin-0] Rebootstrapping with Cluster(id = null, nodes = [localhost:9092 (id: -1 rack: null isFenced: false)], partitions = [], controller = null)
2026-07-29 17:02:50.470 INFO  [kafka-admin-client-thread | CONTENT-SERVICE-admin-0] o.a.k.c.a.i.AdminMetadataManager - [AdminClient clientId=CONTENT-SERVICE-admin-0] Rebootstrapping with Cluster(id = null, nodes = [localhost:9092 (id: -1 rack: null isFenced: false)], partitions = [], controller = null)
2026-07-29 17:02:50.470 INFO  [kafka-admin-client-thread | CONTENT-SERVICE-admin-0] o.a.k.c.a.i.AdminMetadataManager - [AdminClient clientId=CONTENT-SERVICE-admin-0] Rebootstrapping with Cluster(id = null, nodes = [localhost:9092 (id: -1 rack: null isFenced: false)], partitions = [], controller = null)
2026-07-29 17:02:50.471 INFO  [kafka-admin-client-thread | CONTENT-SERVICE-admin-0] o.a.k.c.a.i.AdminMetadataManager - [AdminClient clientId=CONTENT-SERVICE-admin-0] Rebootstrapping with Cluster(id = null, nodes = [localhost:9092 (id: -1 rack: null isFenced: false)], partitions = [], controller = null)
2026-07-29 17:02:50.471 INFO  [kafka-admin-client-thread | CONTENT-SERVICE-admin-0] o.a.k.c.a.i.AdminMetadataManager - [AdminClient clientId=CONTENT-SERVICE-admin-0] Rebootstrapping with Cluster(id = null, nodes = [localhost:9092 (id: -1 rack: null isFenced: false)], partitions = [], controller = null)
2026-07-29 17:02:50.471 INFO  [kafka-admin-client-thread | CONTENT-SERVICE-admin-0] o.a.k.c.a.i.AdminMetadataManager - [AdminClient clientId=CONTENT-SERVICE-admin-0] Rebootstrapping with Cluster(id = null, nodes = [localhost:9092 (id: -1 rack: null isFenced: false)], partitions = [], controller = null)
2026-07-29 17:02:50.471 INFO  [kafka-admin-client-thread | CONTENT-SERVICE-admin-0] o.a.k.c.a.i.AdminMetadataManager - [AdminClient clientId=CONTENT-SERVICE-admin-0] Rebootstrapping with Cluster(id = null, nodes = [localhost:9092 (id: -1 rack: null isFenced: false)], partitions = [], controller = null)
2026-07-29 17:02:50.471 INFO  [kafka-admin-client-thread | CONTENT-SERVICE-admin-0] o.a.k.c.a.i.AdminMetadataManager - [AdminClient clientId=CONTENT-SERVICE-admin-0] Rebootstrapping with Cluster(id = null, nodes = [localhost:9092 (id: -1 rack: null isFenced: false)], partitions = [], controller = null)
2026-07-29 17:02:50.471 INFO  [kafka-admin-client-thread | CONTENT-SERVICE-admin-0] o.a.k.c.a.i.AdminMetadataManager - [AdminClient clientId=CONTENT-SERVICE-admin-0] Rebootstrapping with Cluster(id = null, nodes = [localhost:9092 (id: -1 rack: null isFenced: false)], partitions = [], controller = null)
2026-07-29 17:02:50.471 INFO  [kafka-admin-client-thread | CONTENT-SERVICE-admin-0] o.a.k.c.a.i.AdminMetadataManager - [AdminClient clientId=CONTENT-SERVICE-admin-0] Rebootstrapping with Cluster(id = null, nodes = [localhost:9092 (id: -1 rack: null isFenced: false)], partitions = [], controller = null)
2026-07-29 17:02:50.471 INFO  [kafka-admin-client-thread | CONTENT-SERVICE-admin-0] o.a.k.c.a.i.AdminMetadataManager - [AdminClient clientId=CONTENT-SERVICE-admin-0] Rebootstrapping with Cluster(id = null, nodes = [localhost:9092 (id: -1 rack: null isFenced: false)], partitions = [], controller = null)
2026-07-29 17:02:50.472 INFO  [kafka-admin-client-thread | CONTENT-SERVICE-admin-0] o.a.k.c.a.i.AdminMetadataManager - [AdminClient clientId=CONTENT-SERVICE-admin-0] Rebootstrapping with Cluster(id = null, nodes = [localhost:9092 (id: -1 rack: null isFenced: false)], partitions = [], controller = null)
2026-07-29 17:02:50.473 INFO  [kafka-admin-client-thread | CONTENT-SERVICE-admin-0] o.a.k.c.a.i.AdminMetadataManager - [AdminClient clientId=CONTENT-SERVICE-admin-0] Rebootstrapping with Cluster(id = null, nodes = [localhost:9092 (id: -1 rack: null isFenced: false)], partitions = [], controller = null)
2026-07-29 17:02:50.574 INFO  [kafka-admin-client-thread | CONTENT-SERVICE-admin-0] o.a.k.c.a.i.AdminMetadataManager - [AdminClient clientId=CONTENT-SERVICE-admin-0] Rebootstrapping with Cluster(id = null, nodes = [localhost:9092 (id: -1 rack: null isFenced: false)], partitions = [], controller = null)
2026-07-29 17:02:50.575 INFO  [kafka-admin-client-thread | CONTENT-SERVICE-admin-0] o.a.k.c.a.i.AdminMetadataManager - [AdminClient clientId=CONTENT-SERVICE-admin-0] Rebootstrapping with Cluster(id = null, nodes = [localhost:9092 (id: -1 rack: null isFenced: false)], partitions = [], controller = null)
2026-07-29 17:02:50.575 INFO  [kafka-admin-client-thread | CONTENT-SERVICE-admin-0] o.a.k.c.a.i.AdminMetadataManager - [AdminClient clientId=CONTENT-SERVICE-admin-0] Rebootstrapping with Cluster(id = null, nodes = [localhost:9092 (id: -1 rack: null isFenced: false)], partitions = [], controller = null)
2026-07-29 17:02:50.575 INFO  [kafka-admin-client-thread | CONTENT-SERVICE-admin-0] o.a.k.c.a.i.AdminMetadataManager - [AdminClient clientId=CONTENT-SERVICE-admin-0] Rebootstrapping with Cluster(id = null, nodes = [localhost:9092 (id: -1 rack: null isFenced: false)], partitions = [], controller = null)
2026-07-29 17:02:50.575 INFO  [kafka-admin-client-thread | CONTENT-SERVICE-admin-0] o.a.k.c.a.i.AdminMetadataManager - [AdminClient clientId=CONTENT-SERVICE-admin-0] Rebootstrapping with Cluster(id = null, nodes = [localhost:9092 (id: -1 rack: null isFenced: false)], partitions = [], controller = null)
2026-07-29 17:02:50.575 INFO  [kafka-admin-client-thread | CONTENT-SERVICE-admin-0] o.a.k.c.a.i.AdminMetadataManager - [AdminClient clientId=CONTENT-SERVICE-admin-0] Rebootstrapping with Cluster(id = null, nodes = [localhost:9092 (id: -1 rack: null isFenced: false)], partitions = [], controller = null)
2026-07-29 17:02:50.575 INFO  [kafka-admin-client-thread | CONTENT-SERVICE-admin-0] o.a.k.c.a.i.AdminMetadataManager - [AdminClient clientId=CONTENT-SERVICE-admin-0] Rebootstrapping with Cluster(id = null, nodes = [localhost:9092 (id: -1 rack: null isFenced: false)], partitions = [], controller = null)
2026-07-29 17:02:50.575 INFO  [kafka-admin-client-thread | CONTENT-SERVICE-admin-0] o.a.k.c.a.i.AdminMetadataManager - [AdminClient clientId=CONTENT-SERVICE-admin-0] Rebootstrapping with Cluster(id = null, nodes = [localhost:9092 (id: -1 rack: null isFenced: false)], partitions = [], controller = null)
2026-07-29 17:02:50.576 INFO  [kafka-admin-client-thread | CONTENT-SERVICE-admin-0] o.a.k.c.a.i.AdminMetadataManager - [AdminClient clientId=CONTENT-SERVICE-admin-0] Rebootstrapping with Cluster(id = null, nodes = [localhost:9092 (id: -1 rack: null isFenced: false)], partitions = [], controller = null)
2026-07-29 17:02:50.576 INFO  [kafka-admin-client-thread | CONTENT-SERVICE-admin-0] o.a.k.c.a.i.AdminMetadataManager - [AdminClient clientId=CONTENT-SERVICE-admin-0] Rebootstrapping with Cluster(id = null, nodes = [localhost:9092 (id: -1 rack: null isFenced: false)], partitions = [], controller = null)
2026-07-29 17:02:50.576 INFO  [kafka-admin-client-thread | CONTENT-SERVICE-admin-0] o.a.k.c.a.i.AdminMetadataManager - [AdminClient clientId=CONTENT-SERVICE-admin-0] Rebootstrapping with Cluster(id = null, nodes = [localhost:9092 (id: -1 rack: null isFenced: false)], partitions = [], controller = null)
2026-07-29 17:02:50.576 INFO  [kafka-admin-client-thread | CONTENT-SERVICE-admin-0] o.a.k.c.a.i.AdminMetadataManager - [AdminClient clientId=CONTENT-SERVICE-admin-0] Rebootstrapping with Cluster(id = null, nodes = [localhost:9092 (id: -1 rack: null isFenced: false)], partitions = [], controller = null)
2026-07-29 17:02:50.576 INFO  [kafka-admin-client-thread | CONTENT-SERVICE-admin-0] o.a.k.c.a.i.AdminMetadataManager - [AdminClient clientId=CONTENT-SERVICE-admin-0] Rebootstrapping with Cluster(id = null, nodes = [localhost:9092 (id: -1 rack: null isFenced: false)], partitions = [], controller = null)
2026-07-29 17:02:50.576 INFO  [kafka-admin-client-thread | CONTENT-SERVICE-admin-0] o.a.k.c.a.i.AdminMetadataManager - [AdminClient clientId=CONTENT-SERVICE-admin-0] Rebootstrapping with Cluster(id = null, nodes = [localhost:9092 (id: -1 rack: null isFenced: false)], partitions = [], controller = null)
2026-07-29 17:02:50.576 INFO  [kafka-admin-client-thread | CONTENT-SERVICE-admin-0] o.a.k.c.a.i.AdminMetadataManager - [AdminClient clientId=CONTENT-SERVICE-admin-0] Rebootstrapping with Cluster(id = null, nodes = [localhost:9092 (id: -1 rack: null isFenced: false)], partitions = [], controller = null)
2026-07-29 17:02:50.576 INFO  [kafka-admin-client-thread | CONTENT-SERVICE-admin-0] o.a.k.c.a.i.AdminMetadataManager - [AdminClient clientId=CONTENT-SERVICE-admin-0] Rebootstrapping with Cluster(id = null, nodes = [localhost:9092 (id: -1 rack: null isFenced: false)], partitions = [], controller = null)
2026-07-29 17:02:50.576 INFO  [kafka-admin-client-thread | CONTENT-SERVICE-admin-0] o.a.k.c.a.i.AdminMetadataManager - [AdminClient clientId=CONTENT-SERVICE-admin-0] Rebootstrapping with Cluster(id = null, nodes = [localhost:9092 (id: -1 rack: null isFenced: false)], partitions = [], controller = null)
2026-07-29 17:02:50.577 INFO  [kafka-admin-client-thread | CONTENT-SERVICE-admin-0] o.a.k.c.a.i.AdminMetadataManager - [AdminClient clientId=CONTENT-SERVICE-admin-0] Rebootstrapping with Cluster(id = null, nodes = [localhost:9092 (id: -1 rack: null isFenced: false)], partitions = [], controller = null)
2026-07-29 17:02:50.577 INFO  [kafka-admin-client-thread | CONTENT-SERVICE-admin-0] o.a.k.c.a.i.AdminMetadataManager - [AdminClient clientId=CONTENT-SERVICE-admin-0] Rebootstrapping with Cluster(id = null, nodes = [localhost:9092 (id: -1 rack: null isFenced: false)], partitions = [], controller = null)
2026-07-29 17:02:50.577 INFO  [kafka-admin-client-thread | CONTENT-SERVICE-admin-0] o.a.k.c.a.i.AdminMetadataManager - [AdminClient clientId=CONTENT-SERVICE-admin-0] Rebootstrapping with Cluster(id = null, nodes = [localhost:9092 (id: -1 rack: null isFenced: false)], partitions = [], controller = null)
2026-07-29 17:02:50.577 INFO  [kafka-admin-client-thread | CONTENT-SERVICE-admin-0] o.a.k.c.a.i.AdminMetadataManager - [AdminClient clientId=CONTENT-SERVICE-admin-0] Rebootstrapping with Cluster(id = null, nodes = [localhost:9092 (id: -1 rack: null isFenced: false)], partitions = [], controller = null)
2026-07-29 17:02:50.577 INFO  [kafka-admin-client-thread | CONTENT-SERVICE-admin-0] o.a.k.c.a.i.AdminMetadataManager - [AdminClient clientId=CONTENT-SERVICE-admin-0] Rebootstrapping with Cluster(id = null, nodes = [localhost:9092 (id: -1 rack: null isFenced: false)], partitions = [], controller = null)
2026-07-29 17:02:50.679 INFO  [kafka-admin-client-thread | CONTENT-SERVICE-admin-0] o.a.k.c.a.i.AdminMetadataManager - [AdminClient clientId=CONTENT-SERVICE-admin-0] Rebootstrapping with Cluster(id = null, nodes = [localhost:9092 (id: -1 rack: null isFenced: false)], partitions = [], controller = null)
2026-07-29 17:02:50.682 INFO  [kafka-admin-client-thread | CONTENT-SERVICE-admin-0] o.a.k.c.a.i.AdminMetadataManager - [AdminClient clientId=CONTENT-SERVICE-admin-0] Rebootstrapping with Cluster(id = null, nodes = [localhost:9092 (id: -1 rack: null isFenced: false)], partitions = [], controller = null)
2026-07-29 17:02:50.682 INFO  [kafka-admin-client-thread | CONTENT-SERVICE-admin-0] o.a.k.c.a.i.AdminMetadataManager - [AdminClient clientId=CONTENT-SERVICE-admin-0] Rebootstrapping with Cluster(id = null, nodes = [localhost:9092 (id: -1 rack: null isFenced: false)], partitions = [], controller = null)
2026-07-29 17:02:50.682 INFO  [kafka-admin-client-thread | CONTENT-SERVICE-admin-0] o.a.k.c.a.i.AdminMetadataManager - [AdminClient clientId=CONTENT-SERVICE-admin-0] Rebootstrapping with Cluster(id = null, nodes = [localhost:9092 (id: -1 rack: null isFenced: false)], partitions = [], controller = null)
2026-07-29 17:02:50.682 INFO  [kafka-admin-client-thread | CONTENT-SERVICE-admin-0] o.a.k.c.a.i.AdminMetadataManager - [AdminClient clientId=CONTENT-SERVICE-admin-0] Rebootstrapping with Cluster(id = null, nodes = [localhost:9092 (id: -1 rack: null isFenced: false)], partitions = [], controller = null)
2026-07-29 17:02:50.682 INFO  [kafka-admin-client-thread | CONTENT-SERVICE-admin-0] o.a.k.c.a.i.AdminMetadataManager - [AdminClient clientId=CONTENT-SERVICE-admin-0] Rebootstrapping with Cluster(id = null, nodes = [localhost:9092 (id: -1 rack: null isFenced: false)], partitions = [], controller = null)
2026-07-29 17:02:50.682 INFO  [kafka-admin-client-thread | CONTENT-SERVICE-admin-0] o.a.k.c.a.i.AdminMetadataManager - [AdminClient clientId=CONTENT-SERVICE-admin-0] Rebootstrapping with Cluster(id = null, nodes = [localhost:9092 (id: -1 rack: null isFenced: false)], partitions = [], controller = null)
2026-07-29 17:02:50.682 INFO  [kafka-admin-client-thread | CONTENT-SERVICE-admin-0] o.a.k.c.a.i.AdminMetadataManager - [AdminClient clientId=CONTENT-SERVICE-admin-0] Rebootstrapping with Cluster(id = null, nodes = [localhost:9092 (id: -1 rack: null isFenced: false)], partitions = [], controller = null)
2026-07-29 17:02:50.683 INFO  [kafka-admin-client-thread | CONTENT-SERVICE-admin-0] o.a.k.c.a.i.AdminMetadataManager - [AdminClient clientId=CONTENT-SERVICE-admin-0] Rebootstrapping with Cluster(id = null, nodes = [localhost:9092 (id: -1 rack: null isFenced: false)], partitions = [], controller = null)
2026-07-29 17:02:50.683 INFO  [kafka-admin-client-thread | CONTENT-SERVICE-admin-0] o.a.k.c.a.i.AdminMetadataManager - [AdminClient clientId=CONTENT-SERVICE-admin-0] Rebootstrapping with Cluster(id = null, nodes = [localhost:9092 (id: -1 rack: null isFenced: false)], partitions = [], controller = null)
2026-07-29 17:02:50.683 INFO  [kafka-admin-client-thread | CONTENT-SERVICE-admin-0] o.a.k.c.a.i.AdminMetadataManager - [AdminClient clientId=CONTENT-SERVICE-admin-0] Rebootstrapping with Cluster(id = null, nodes = [localhost:9092 (id: -1 rack: null isFenced: false)], partitions = [], controller = null)
2026-07-29 17:02:50.683 INFO  [kafka-admin-client-thread | CONTENT-SERVICE-admin-0] o.a.k.c.a.i.AdminMetadataManager - [AdminClient clientId=CONTENT-SERVICE-admin-0] Rebootstrapping with Cluster(id = null, nodes = [localhost:9092 (id: -1 rack: null isFenced: false)], partitions = [], controller = null)
2026-07-29 17:02:50.683 INFO  [kafka-admin-client-thread | CONTENT-SERVICE-admin-0] o.a.k.c.a.i.AdminMetadataManager - [AdminClient clientId=CONTENT-SERVICE-admin-0] Rebootstrapping with Cluster(id = null, nodes = [localhost:9092 (id: -1 rack: null isFenced: false)], partitions = [], controller = null)
2026-07-29 17:02:50.683 INFO  [kafka-admin-client-thread | CONTENT-SERVICE-admin-0] o.a.k.c.a.i.AdminMetadataManager - [AdminClient clientId=CONTENT-SERVICE-admin-0] Rebootstrapping with Cluster(id = null, nodes = [localhost:9092 (id: -1 rack: null isFenced: false)], partitions = [], controller = null)
2026-07-29 17:02:50.683 INFO  [kafka-admin-client-thread | CONTENT-SERVICE-admin-0] o.a.k.c.a.i.AdminMetadataManager - [AdminClient clientId=CONTENT-SERVICE-admin-0] Rebootstrapping with Cluster(id = null, nodes = [localhost:9092 (id: -1 rack: null isFenced: false)], partitions = [], controller = null)
2026-07-29 17:02:50.683 INFO  [kafka-admin-client-thread | CONTENT-SERVICE-admin-0] o.a.k.c.a.i.AdminMetadataManager - [AdminClient clientId=CONTENT-SERVICE-admin-0] Rebootstrapping with Cluster(id = null, nodes = [localhost:9092 (id: -1 rack: null isFenced: false)], partitions = [], controller = null)
2026-07-29 17:02:50.683 INFO  [kafka-admin-client-thread | CONTENT-SERVICE-admin-0] o.a.k.c.a.i.AdminMetadataManager - [AdminClient clientId=CONTENT-SERVICE-admin-0] Rebootstrapping with Cluster(id = null, nodes = [localhost:9092 (id: -1 rack: null isFenced: false)], partitions = [], controller = null)
2026-07-29 17:02:50.684 INFO  [kafka-admin-client-thread | CONTENT-SERVICE-admin-0] o.a.k.c.a.i.AdminMetadataManager - [AdminClient clientId=CONTENT-SERVICE-admin-0] Rebootstrapping with Cluster(id = null, nodes = [localhost:9092 (id: -1 rack: null isFenced: false)], partitions = [], controller = null)
2026-07-29 17:02:50.684 INFO  [kafka-admin-client-thread | CONTENT-SERVICE-admin-0] o.a.k.c.a.i.AdminMetadataManager - [AdminClient clientId=CONTENT-SERVICE-admin-0] Rebootstrapping with Cluster(id = null, nodes = [localhost:9092 (id: -1 rack: null isFenced: false)], partitions = [], controller = null)
2026-07-29 17:02:50.690 INFO  [kafka-admin-client-thread | CONTENT-SERVICE-admin-0] o.a.k.c.a.i.AdminMetadataManager - [AdminClient clientId=CONTENT-SERVICE-admin-0] Rebootstrapping with Cluster(id = null, nodes = [localhost:9092 (id: -1 rack: null isFenced: false)], partitions = [], controller = null)
2026-07-29 17:02:50.691 INFO  [kafka-admin-client-thread | CONTENT-SERVICE-admin-0] o.a.k.c.a.i.AdminMetadataManager - [AdminClient clientId=CONTENT-SERVICE-admin-0] Rebootstrapping with Cluster(id = null, nodes = [localhost:9092 (id: -1 rack: null isFenced: false)], partitions = [], controller = null)
2026-07-29 17:02:50.691 INFO  [kafka-admin-client-thread | CONTENT-SERVICE-admin-0] o.a.k.c.a.i.AdminMetadataManager - [AdminClient clientId=CONTENT-SERVICE-admin-0] Rebootstrapping with Cluster(id = null, nodes = [localhost:9092 (id: -1 rack: null isFenced: false)], partitions = [], controller = null)
2026-07-29 17:02:50.691 INFO  [kafka-admin-client-thread | CONTENT-SERVICE-admin-0] o.a.k.c.a.i.AdminMetadataManager - [AdminClient clientId=CONTENT-SERVICE-admin-0] Rebootstrapping with Cluster(id = null, nodes = [localhost:9092 (id: -1 rack: null isFenced: false)], partitions = [], controller = null)
2026-07-29 17:02:50.792 INFO  [kafka-admin-client-thread | CONTENT-SERVICE-admin-0] o.a.k.c.a.i.AdminMetadataManager - [AdminClient clientId=CONTENT-SERVICE-admin-0] Rebootstrapping with Cluster(id = null, nodes = [localhost:9092 (id: -1 rack: null isFenced: false)], partitions = [], controller = null)
2026-07-29 17:02:50.794 INFO  [kafka-admin-client-thread | CONTENT-SERVICE-admin-0] o.a.k.c.a.i.AdminMetadataManager - [AdminClient clientId=CONTENT-SERVICE-admin-0] Rebootstrapping with Cluster(id = null, nodes = [localhost:9092 (id: -1 rack: null isFenced: false)], partitions = [], controller = null)
2026-07-29 17:02:50.795 INFO  [kafka-admin-client-thread | CONTENT-SERVICE-admin-0] o.a.k.c.a.i.AdminMetadataManager - [AdminClient clientId=CONTENT-SERVICE-admin-0] Rebootstrapping with Cluster(id = null, nodes = [localhost:9092 (id: -1 rack: null isFenced: false)], partitions = [], controller = null)
2026-07-29 17:02:50.795 INFO  [kafka-admin-client-thread | CONTENT-SERVICE-admin-0] o.a.k.c.a.i.AdminMetadataManager - [AdminClient clientId=CONTENT-SERVICE-admin-0] Rebootstrapping with Cluster(id = null, nodes = [localhost:9092 (id: -1 rack: null isFenced: false)], partitions = [], controller = null)
2026-07-29 17:02:50.795 INFO  [kafka-admin-client-thread | CONTENT-SERVICE-admin-0] o.a.k.c.a.i.AdminMetadataManager - [AdminClient clientId=CONTENT-SERVICE-admin-0] Rebootstrapping with Cluster(id = null, nodes = [localhost:9092 (id: -1 rack: null isFenced: false)], partitions = [], controller = null)
2026-07-29 17:02:50.795 INFO  [kafka-admin-client-thread | CONTENT-SERVICE-admin-0] o.a.k.c.a.i.AdminMetadataManager - [AdminClient clientId=CONTENT-SERVICE-admin-0] Rebootstrapping with Cluster(id = null, nodes = [localhost:9092 (id: -1 rack: null isFenced: false)], partitions = [], controller = null)
2026-07-29 17:02:50.795 INFO  [kafka-admin-client-thread | CONTENT-SERVICE-admin-0] o.a.k.c.a.i.AdminMetadataManager - [AdminClient clientId=CONTENT-SERVICE-admin-0] Rebootstrapping with Cluster(id = null, nodes = [localhost:9092 (id: -1 rack: null isFenced: false)], partitions = [], controller = null)
2026-07-29 17:02:50.795 INFO  [kafka-admin-client-thread | CONTENT-SERVICE-admin-0] o.a.k.c.a.i.AdminMetadataManager - [AdminClient clientId=CONTENT-SERVICE-admin-0] Rebootstrapping with Cluster(id = null, nodes = [localhost:9092 (id: -1 rack: null isFenced: false)], partitions = [], controller = null)
2026-07-29 17:02:50.795 INFO  [kafka-admin-client-thread | CONTENT-SERVICE-admin-0] o.a.k.c.a.i.AdminMetadataManager - [AdminClient clientId=CONTENT-SERVICE-admin-0] Rebootstrapping with Cluster(id = null, nodes = [localhost:9092 (id: -1 rack: null isFenced: false)], partitions = [], controller = null)
2026-07-29 17:02:50.795 INFO  [kafka-admin-client-thread | CONTENT-SERVICE-admin-0] o.a.k.c.a.i.AdminMetadataManager - [AdminClient clientId=CONTENT-SERVICE-admin-0] Rebootstrapping with Cluster(id = null, nodes = [localhost:9092 (id: -1 rack: null isFenced: false)], partitions = [], controller = null)
2026-07-29 17:02:50.795 INFO  [kafka-admin-client-thread | CONTENT-SERVICE-admin-0] o.a.k.c.a.i.AdminMetadataManager - [AdminClient clientId=CONTENT-SERVICE-admin-0] Rebootstrapping with Cluster(id = null, nodes = [localhost:9092 (id: -1 rack: null isFenced: false)], partitions = [], controller = null)
2026-07-29 17:02:50.796 INFO  [kafka-admin-client-thread | CONTENT-SERVICE-admin-0] o.a.k.c.a.i.AdminMetadataManager - [AdminClient clientId=CONTENT-SERVICE-admin-0] Rebootstrapping with Cluster(id = null, nodes = [localhost:9092 (id: -1 rack: null isFenced: false)], partitions = [], controller = null)
2026-07-29 17:02:50.800 INFO  [kafka-admin-client-thread | CONTENT-SERVICE-admin-0] o.a.k.c.a.i.AdminMetadataManager - [AdminClient clientId=CONTENT-SERVICE-admin-0] Rebootstrapping with Cluster(id = null, nodes = [localhost:9092 (id: -1 rack: null isFenced: false)], partitions = [], controller = null)
2026-07-29 17:02:50.801 INFO  [kafka-admin-client-thread | CONTENT-SERVICE-admin-0] o.a.k.c.a.i.AdminMetadataManager - [AdminClient clientId=CONTENT-SERVICE-admin-0] Rebootstrapping with Cluster(id = null, nodes = [localhost:9092 (id: -1 rack: null isFenced: false)], partitions = [], controller = null)
2026-07-29 17:02:50.803 INFO  [kafka-admin-client-thread | CONTENT-SERVICE-admin-0] o.a.k.c.a.i.AdminMetadataManager - [AdminClient clientId=CONTENT-SERVICE-admin-0] Rebootstrapping with Cluster(id = null, nodes = [localhost:9092 (id: -1 rack: null isFenced: false)], partitions = [], controller = null)
2026-07-29 17:02:50.804 INFO  [kafka-admin-client-thread | CONTENT-SERVICE-admin-0] o.a.k.c.a.i.AdminMetadataManager - [AdminClient clientId=CONTENT-SERVICE-admin-0] Rebootstrapping with Cluster(id = null, nodes = [localhost:9092 (id: -1 rack: null isFenced: false)], partitions = [], controller = null)
2026-07-29 17:02:50.804 INFO  [kafka-admin-client-thread | CONTENT-SERVICE-admin-0] o.a.k.c.a.i.AdminMetadataManager - [AdminClient clientId=CONTENT-SERVICE-admin-0] Rebootstrapping with Cluster(id = null, nodes = [localhost:9092 (id: -1 rack: null isFenced: false)], partitions = [], controller = null)
2026-07-29 17:02:50.804 INFO  [kafka-admin-client-thread | CONTENT-SERVICE-admin-0] o.a.k.c.a.i.AdminMetadataManager - [AdminClient clientId=CONTENT-SERVICE-admin-0] Rebootstrapping with Cluster(id = null, nodes = [localhost:9092 (id: -1 rack: null isFenced: false)], partitions = [], controller = null)
2026-07-29 17:02:50.804 INFO  [kafka-admin-client-thread | CONTENT-SERVICE-admin-0] o.a.k.c.a.i.AdminMetadataManager - [AdminClient clientId=CONTENT-SERVICE-admin-0] Rebootstrapping with Cluster(id = null, nodes = [localhost:9092 (id: -1 rack: null isFenced: false)], partitions = [], controller = null)
2026-07-29 17:02:50.805 INFO  [kafka-admin-client-thread | CONTENT-SERVICE-admin-0] o.a.k.c.a.i.AdminMetadataManager - [AdminClient clientId=CONTENT-SERVICE-admin-0] Rebootstrapping with Cluster(id = null, nodes = [localhost:9092 (id: -1 rack: null isFenced: false)], partitions = [], controller = null)
2026-07-29 17:02:50.805 INFO  [kafka-admin-client-thread | CONTENT-SERVICE-admin-0] o.a.k.c.a.i.AdminMetadataManager - [AdminClient clientId=CONTENT-SERVICE-admin-0] Rebootstrapping with Cluster(id = null, nodes = [localhost:9092 (id: -1 rack: null isFenced: false)], partitions = [], controller = null)
2026-07-29 17:02:50.805 INFO  [kafka-admin-client-thread | CONTENT-SERVICE-admin-0] o.a.k.c.a.i.AdminMetadataManager - [AdminClient clientId=CONTENT-SERVICE-admin-0] Rebootstrapping with Cluster(id = null, nodes = [localhost:9092 (id: -1 rack: null isFenced: false)], partitions = [], controller = null)
2026-07-29 17:02:50.805 INFO  [kafka-admin-client-thread | CONTENT-SERVICE-admin-0] o.a.k.c.a.i.AdminMetadataManager - [AdminClient clientId=CONTENT-SERVICE-admin-0] Rebootstrapping with Cluster(id = null, nodes = [localhost:9092 (id: -1 rack: null isFenced: false)], partitions = [], controller = null)
2026-07-29 17:02:50.805 INFO  [kafka-admin-client-thread | CONTENT-SERVICE-admin-0] o.a.k.c.a.i.AdminMetadataManager - [AdminClient clientId=CONTENT-SERVICE-admin-0] Rebootstrapping with Cluster(id = null, nodes = [localhost:9092 (id: -1 rack: null isFenced: false)], partitions = [], controller = null)
2026-07-29 17:02:50.907 INFO  [kafka-admin-client-thread | CONTENT-SERVICE-admin-0] o.apache.kafka.clients.NetworkClient - [AdminClient clientId=CONTENT-SERVICE-admin-0] Node -1 disconnected.
2026-07-29 17:02:50.908 WARN  [kafka-admin-client-thread | CONTENT-SERVICE-admin-0] o.apache.kafka.clients.NetworkClient - [AdminClient clientId=CONTENT-SERVICE-admin-0] Connection to node -1 (localhost/127.0.0.1:9092) could not be established. Node may not be available.
2026-07-29 17:02:50.908 INFO  [kafka-admin-client-thread | CONTENT-SERVICE-admin-0] o.a.k.c.a.i.AdminMetadataManager - [AdminClient clientId=CONTENT-SERVICE-admin-0] Rebootstrapping with Cluster(id = null, nodes = [localhost:9092 (id: -1 rack: null isFenced: false)], partitions = [], controller = null)
2026-07-29 17:02:50.909 INFO  [kafka-admin-client-thread | CONTENT-SERVICE-admin-0] o.a.k.c.a.i.AdminMetadataManager - [AdminClient clientId=CONTENT-SERVICE-admin-0] Rebootstrapping with Cluster(id = null, nodes = [localhost:9092 (id: -1 rack: null isFenced: false)], partitions = [], controller = null)
2026-07-29 17:02:50.909 INFO  [kafka-admin-client-thread | CONTENT-SERVICE-admin-0] o.a.k.c.a.i.AdminMetadataManager - [AdminClient clientId=CONTENT-SERVICE-admin-0] Rebootstrapping with Cluster(id = null, nodes = [localhost:9092 (id: -1 rack: null isFenced: false)], partitions = [], controller = null)
2026-07-29 17:02:50.916 INFO  [kafka-admin-client-thread | CONTENT-SERVICE-admin-0] o.a.k.c.a.i.AdminMetadataManager - [AdminClient clientId=CONTENT-SERVICE-admin-0] Rebootstrapping with Cluster(id = null, nodes = [localhost:9092 (id: -1 rack: null isFenced: false)], partitions = [], controller = null)
2026-07-29 17:02:50.917 INFO  [kafka-admin-client-thread | CONTENT-SERVICE-admin-0] o.a.k.c.a.i.AdminMetadataManager - [AdminClient clientId=CONTENT-SERVICE-admin-0] Rebootstrapping with Cluster(id = null, nodes = [localhost:9092 (id: -1 rack: null isFenced: false)], partitions = [], controller = null)
2026-07-29 17:02:50.917 INFO  [kafka-admin-client-thread | CONTENT-SERVICE-admin-0] o.a.k.c.a.i.AdminMetadataManager - [AdminClient clientId=CONTENT-SERVICE-admin-0] Rebootstrapping with Cluster(id = null, nodes = [localhost:9092 (id: -1 rack: null isFenced: false)], partitions = [], controller = null)
2026-07-29 17:02:50.917 INFO  [kafka-admin-client-thread | CONTENT-SERVICE-admin-0] o.a.k.c.a.i.AdminMetadataManager - [AdminClient clientId=CONTENT-SERVICE-admin-0] Rebootstrapping with Cluster(id = null, nodes = [localhost:9092 (id: -1 rack: null isFenced: false)], partitions = [], controller = null)
2026-07-29 17:02:50.917 INFO  [kafka-admin-client-thread | CONTENT-SERVICE-admin-0] o.a.k.c.a.i.AdminMetadataManager - [AdminClient clientId=CONTENT-SERVICE-admin-0] Rebootstrapping with Cluster(id = null, nodes = [localhost:9092 (id: -1 rack: null isFenced: false)], partitions = [], controller = null)
2026-07-29 17:02:50.917 INFO  [kafka-admin-client-thread | CONTENT-SERVICE-admin-0] o.a.k.c.a.i.AdminMetadataManager - [AdminClient clientId=CONTENT-SERVICE-admin-0] Rebootstrapping with Cluster(id = null, nodes = [localhost:9092 (id: -1 rack: null isFenced: false)], partitions = [], controller = null)
2026-07-29 17:02:50.917 INFO  [kafka-admin-client-thread | CONTENT-SERVICE-admin-0] o.a.k.c.a.i.AdminMetadataManager - [AdminClient clientId=CONTENT-SERVICE-admin-0] Rebootstrapping with Cluster(id = null, nodes = [localhost:9092 (id: -1 rack: null isFenced: false)], partitions = [], controller = null)
2026-07-29 17:02:50.917 INFO  [kafka-admin-client-thread | CONTENT-SERVICE-admin-0] o.a.k.c.a.i.AdminMetadataManager - [AdminClient clientId=CONTENT-SERVICE-admin-0] Rebootstrapping with Cluster(id = null, nodes = [localhost:9092 (id: -1 rack: null isFenced: false)], partitions = [], controller = null)
2026-07-29 17:02:50.917 INFO  [kafka-admin-client-thread | CONTENT-SERVICE-admin-0] o.a.k.c.a.i.AdminMetadataManager - [AdminClient clientId=CONTENT-SERVICE-admin-0] Rebootstrapping with Cluster(id = null, nodes = [localhost:9092 (id: -1 rack: null isFenced: false)], partitions = [], controller = null)
2026-07-29 17:02:50.917 INFO  [kafka-admin-client-thread | CONTENT-SERVICE-admin-0] o.a.k.c.a.i.AdminMetadataManager - [AdminClient clientId=CONTENT-SERVICE-admin-0] Rebootstrapping with Cluster(id = null, nodes = [localhost:9092 (id: -1 rack: null isFenced: false)], partitions = [], controller = null)
2026-07-29 17:02:50.918 INFO  [kafka-admin-client-thread | CONTENT-SERVICE-admin-0] o.a.k.c.a.i.AdminMetadataManager - [AdminClient clientId=CONTENT-SERVICE-admin-0] Rebootstrapping with Cluster(id = null, nodes = [localhost:9092 (id: -1 rack: null isFenced: false)], partitions = [], controller = null)
2026-07-29 17:02:50.918 INFO  [kafka-admin-client-thread | CONTENT-SERVICE-admin-0] o.a.k.c.a.i.AdminMetadataManager - [AdminClient clientId=CONTENT-SERVICE-admin-0] Rebootstrapping with Cluster(id = null, nodes = [localhost:9092 (id: -1 rack: null isFenced: false)], partitions = [], controller = null)
2026-07-29 17:02:50.918 INFO  [kafka-admin-client-thread | CONTENT-SERVICE-admin-0] o.a.k.c.a.i.AdminMetadataManager - [AdminClient clientId=CONTENT-SERVICE-admin-0] Rebootstrapping with Cluster(id = null, nodes = [localhost:9092 (id: -1 rack: null isFenced: false)], partitions = [], controller = null)
2026-07-29 17:02:50.918 INFO  [kafka-admin-client-thread | CONTENT-SERVICE-admin-0] o.a.k.c.a.i.AdminMetadataManager - [AdminClient clientId=CONTENT-SERVICE-admin-0] Rebootstrapping with Cluster(id = null, nodes = [localhost:9092 (id: -1 rack: null isFenced: false)], partitions = [], controller = null)
2026-07-29 17:02:50.918 INFO  [kafka-admin-client-thread | CONTENT-SERVICE-admin-0] o.a.k.c.a.i.AdminMetadataManager - [AdminClient clientId=CONTENT-SERVICE-admin-0] Rebootstrapping with Cluster(id = null, nodes = [localhost:9092 (id: -1 rack: null isFenced: false)], partitions = [], controller = null)
2026-07-29 17:02:50.918 INFO  [kafka-admin-client-thread | CONTENT-SERVICE-admin-0] o.a.k.c.a.i.AdminMetadataManager - [AdminClient clientId=CONTENT-SERVICE-admin-0] Rebootstrapping with Cluster(id = null, nodes = [localhost:9092 (id: -1 rack: null isFenced: false)], partitions = [], controller = null)
2026-07-29 17:02:50.918 INFO  [kafka-admin-client-thread | CONTENT-SERVICE-admin-0] o.a.k.c.a.i.AdminMetadataManager - [AdminClient clientId=CONTENT-SERVICE-admin-0] Rebootstrapping with Cluster(id = null, nodes = [localhost:9092 (id: -1 rack: null isFenced: false)], partitions = [], controller = null)
2026-07-29 17:02:50.918 INFO  [kafka-admin-client-thread | CONTENT-SERVICE-admin-0] o.a.k.c.a.i.AdminMetadataManager - [AdminClient clientId=CONTENT-SERVICE-admin-0] Rebootstrapping with Cluster(id = null, nodes = [localhost:9092 (id: -1 rack: null isFenced: false)], partitions = [], controller = null)
2026-07-29 17:02:50.918 INFO  [kafka-admin-client-thread | CONTENT-SERVICE-admin-0] o.a.k.c.a.i.AdminMetadataManager - [AdminClient clientId=CONTENT-SERVICE-admin-0] Rebootstrapping with Cluster(id = null, nodes = [localhost:9092 (id: -1 rack: null isFenced: false)], partitions = [], controller = null)
2026-07-29 17:02:50.918 INFO  [kafka-admin-client-thread | CONTENT-SERVICE-admin-0] o.a.k.c.a.i.AdminMetadataManager - [AdminClient clientId=CONTENT-SERVICE-admin-0] Rebootstrapping with Cluster(id = null, nodes = [localhost:9092 (id: -1 rack: null isFenced: false)], partitions = [], controller = null)
2026-07-29 17:02:50.919 INFO  [kafka-admin-client-thread | CONTENT-SERVICE-admin-0] o.a.k.c.a.i.AdminMetadataManager - [AdminClient clientId=CONTENT-SERVICE-admin-0] Rebootstrapping with Cluster(id = null, nodes = [localhost:9092 (id: -1 rack: null isFenced: false)], partitions = [], controller = null)
2026-07-29 17:02:50.919 INFO  [kafka-admin-client-thread | CONTENT-SERVICE-admin-0] o.a.k.c.a.i.AdminMetadataManager - [AdminClient clientId=CONTENT-SERVICE-admin-0] Rebootstrapping with Cluster(id = null, nodes = [localhost:9092 (id: -1 rack: null isFenced: false)], partitions = [], controller = null)
