2026-07-27 09:35:29.907 INFO  [main] [traceId=, spanId=] c.p.user.UserServiceApplication - Starting UserServiceApplication using Java 17.0.19 with PID 117919 (/home/pradeep/Desktop/coding/web_2_projects/Software-Engineering/PrevPaperApp/user-service/target/classes started by pradeep in /home/pradeep/Desktop/coding/web_2_projects/Software-Engineering/PrevPaperApp)
2026-07-27 09:35:29.926 INFO  [main] [traceId=, spanId=] c.p.user.UserServiceApplication - No active profile set, falling back to 1 default profile: "default"
2026-07-27 09:35:31.989 INFO  [background-preinit] [traceId=, spanId=] o.h.validator.internal.util.Version - HV000001: Hibernate Validator 9.0.1.Final
2026-07-27 09:35:34.910 INFO  [main] [traceId=, spanId=] o.s.d.r.c.RepositoryConfigurationDelegate - Multiple Spring Data modules found, entering strict repository configuration mode
2026-07-27 09:35:34.917 INFO  [main] [traceId=, spanId=] o.s.d.r.c.RepositoryConfigurationDelegate - Bootstrapping Spring Data JPA repositories in DEFAULT mode.
2026-07-27 09:35:35.552 INFO  [main] [traceId=, spanId=] o.s.d.r.c.RepositoryConfigurationDelegate - Finished Spring Data repository scanning in 604 ms. Found 4 JPA repository interfaces.
2026-07-27 09:35:35.627 INFO  [main] [traceId=, spanId=] o.s.d.r.c.RepositoryConfigurationDelegate - Multiple Spring Data modules found, entering strict repository configuration mode
2026-07-27 09:35:35.632 INFO  [main] [traceId=, spanId=] o.s.d.r.c.RepositoryConfigurationDelegate - Bootstrapping Spring Data Redis repositories in DEFAULT mode.
2026-07-27 09:35:35.679 INFO  [main] [traceId=, spanId=] o.s.d.r.c.RepositoryConfigurationExtensionSupport - Spring Data Redis - Could not safely identify store assignment for repository candidate interface com.prevpaper.user.repository.AccountRepository; If you want this repository to be a Redis repository, consider annotating your entities with one of these annotations: org.springframework.data.redis.core.RedisHash (preferred), or consider extending one of the following types with your repository: org.springframework.data.keyvalue.repository.KeyValueRepository
2026-07-27 09:35:35.681 INFO  [main] [traceId=, spanId=] o.s.d.r.c.RepositoryConfigurationExtensionSupport - Spring Data Redis - Could not safely identify store assignment for repository candidate interface com.prevpaper.user.repository.TransactionRepository; If you want this repository to be a Redis repository, consider annotating your entities with one of these annotations: org.springframework.data.redis.core.RedisHash (preferred), or consider extending one of the following types with your repository: org.springframework.data.keyvalue.repository.KeyValueRepository
2026-07-27 09:35:35.682 INFO  [main] [traceId=, spanId=] o.s.d.r.c.RepositoryConfigurationExtensionSupport - Spring Data Redis - Could not safely identify store assignment for repository candidate interface com.prevpaper.user.repository.UserPreferenceRepository; If you want this repository to be a Redis repository, consider annotating your entities with one of these annotations: org.springframework.data.redis.core.RedisHash (preferred), or consider extending one of the following types with your repository: org.springframework.data.keyvalue.repository.KeyValueRepository
2026-07-27 09:35:35.683 INFO  [main] [traceId=, spanId=] o.s.d.r.c.RepositoryConfigurationExtensionSupport - Spring Data Redis - Could not safely identify store assignment for repository candidate interface com.prevpaper.user.repository.UserRepository; If you want this repository to be a Redis repository, consider annotating your entities with one of these annotations: org.springframework.data.redis.core.RedisHash (preferred), or consider extending one of the following types with your repository: org.springframework.data.keyvalue.repository.KeyValueRepository
2026-07-27 09:35:35.684 INFO  [main] [traceId=, spanId=] o.s.d.r.c.RepositoryConfigurationDelegate - Finished Spring Data repository scanning in 19 ms. Found 0 Redis repository interfaces.
2026-07-27 09:35:37.400 INFO  [main] [traceId=, spanId=] o.s.cloud.context.scope.GenericScope - BeanFactory id=71130513-6510-35b3-b577-4bd2673e849f
2026-07-27 09:35:38.547 INFO  [main] [traceId=, spanId=] o.s.boot.tomcat.TomcatWebServer - Tomcat initialized with port 8086 (http)
2026-07-27 09:35:38.581 INFO  [main] [traceId=, spanId=] o.a.coyote.http11.Http11NioProtocol - Initializing ProtocolHandler ["http-nio-8086"]
2026-07-27 09:35:38.587 INFO  [main] [traceId=, spanId=] o.a.catalina.core.StandardService - Starting service [Tomcat]
2026-07-27 09:35:38.588 INFO  [main] [traceId=, spanId=] o.a.catalina.core.StandardEngine - Starting Servlet engine: [Apache Tomcat/11.0.20]
2026-07-27 09:35:38.807 INFO  [main] [traceId=, spanId=] o.s.b.w.c.s.WebApplicationContextInitializer - Root WebApplicationContext: initialization completed in 8560 ms
2026-07-27 09:35:42.153 INFO  [main] [traceId=, spanId=] org.hibernate.orm.jpa - HHH008540: Processing PersistenceUnitInfo [name: default]
2026-07-27 09:35:42.446 INFO  [main] [traceId=, spanId=] org.hibernate.orm.core - HHH000001: Hibernate ORM core version 7.2.7.Final
2026-07-27 09:35:43.702 INFO  [main] [traceId=, spanId=] o.s.o.j.p.SpringPersistenceUnitInfo - No LoadTimeWeaver setup: ignoring JPA class transformer
2026-07-27 09:35:43.784 INFO  [main] [traceId=, spanId=] com.zaxxer.hikari.HikariDataSource - HikariPool-1 - Starting...
2026-07-27 09:35:45.237 INFO  [main] [traceId=, spanId=] com.zaxxer.hikari.pool.HikariPool - HikariPool-1 - Added connection org.postgresql.jdbc.PgConnection@32084a01
2026-07-27 09:35:45.241 INFO  [main] [traceId=, spanId=] com.zaxxer.hikari.HikariDataSource - HikariPool-1 - Start completed.
2026-07-27 09:35:45.381 WARN  [main] [traceId=, spanId=] org.hibernate.orm.deprecation - HHH90000025: PostgreSQLDialect does not need to be specified explicitly using 'hibernate.dialect' (remove the property setting and it will be selected by default)
2026-07-27 09:35:45.603 INFO  [main] [traceId=, spanId=] o.hibernate.orm.connections.pooling - HHH10001005: Database info:
	Database JDBC URL [jdbc:postgresql://localhost:5432/user_db]
	Database driver: PostgreSQL JDBC Driver
	Database dialect: PostgreSQLDialect
	Database version: 16.14
	Default catalog/schema: user_db/public
	Autocommit mode: undefined/unknown
	Isolation level: READ_COMMITTED [default READ_COMMITTED]
	JDBC fetch size: none
	Pool: DataSourceConnectionProvider
	Minimum pool size: undefined/unknown
	Maximum pool size: undefined/unknown
2026-07-27 09:35:51.628 INFO  [main] [traceId=, spanId=] org.hibernate.orm.core - HHH000489: No JTA platform available (set 'hibernate.transaction.jta.platform' to enable JTA platform integration)
2026-07-27 09:35:51.909 INFO  [main] [traceId=, spanId=] o.s.o.j.LocalContainerEntityManagerFactoryBean - Initialized JPA EntityManagerFactory for persistence unit 'default'
2026-07-27 09:35:52.252 INFO  [main] [traceId=, spanId=] o.s.d.j.r.q.QueryEnhancerFactories - Hibernate is in classpath; If applicable, HQL parser will be used.
2026-07-27 09:35:54.861 WARN  [main] [traceId=, spanId=] o.s.b.j.a.JpaBaseConfiguration$JpaWebConfiguration - spring.jpa.open-in-view is enabled by default. Therefore, database queries may be performed during view rendering. Explicitly configure spring.jpa.open-in-view to disable this warning
2026-07-27 09:35:58.630 INFO  [main] [traceId=, spanId=] o.s.c.n.e.c.DiscoveryClientOptionalArgsConfiguration - Eureka HTTP Client uses RestClient.
2026-07-27 09:35:58.722 WARN  [main] [traceId=, spanId=] o.s.c.l.c.LoadBalancerCacheAutoConfiguration$LoadBalancerCaffeineWarnLogger - Spring Cloud LoadBalancer is currently working with the default cache. While this cache implementation is useful for development and tests, it's recommended to use Caffeine cache in production.You can switch to using Caffeine cache, by adding it and org.springframework.cache.caffeine.CaffeineCacheManager to the classpath.
2026-07-27 09:35:58.768 INFO  [main] [traceId=, spanId=] o.s.b.a.e.web.EndpointLinksResolver - Exposing 1 endpoint beneath base path '/actuator'
2026-07-27 09:35:59.124 INFO  [main] [traceId=, spanId=] o.a.k.common.config.AbstractConfig - AdminClientConfig values: 
	bootstrap.controllers = []
	bootstrap.servers = [localhost:9092]
	client.dns.lookup = use_all_dns_ips
	client.id = USER-SERVICE-admin-0
	connections.max.idle.ms = 300000
	default.api.timeout.ms = 60000
	enable.metrics.push = false
	metadata.max.age.ms = 300000
	metadata.recovery.rebootstrap.trigger.ms = 300000
	metadata.recovery.strategy = rebootstrap
	metric.reporters = [org.apache.kafka.common.metrics.JmxReporter]
	metrics.num.samples = 2
	metrics.recording.level = INFO
	metrics.sample.window.ms = 30000
	receive.buffer.bytes = 65536
	reconnect.backoff.max.ms = 1000
	reconnect.backoff.ms = 50
	request.timeout.ms = 30000
	retries = 2147483647
	retry.backoff.max.ms = 1000
	retry.backoff.ms = 100
	sasl.client.callback.handler.class = null
	sasl.jaas.config = null
	sasl.kerberos.kinit.cmd = /usr/bin/kinit
	sasl.kerberos.min.time.before.relogin = 60000
	sasl.kerberos.service.name = null
	sasl.kerberos.ticket.renew.jitter = 0.05
	sasl.kerberos.ticket.renew.window.factor = 0.8
	sasl.login.callback.handler.class = null
	sasl.login.class = null
	sasl.login.connect.timeout.ms = null
	sasl.login.read.timeout.ms = null
	sasl.login.refresh.buffer.seconds = 300
	sasl.login.refresh.min.period.seconds = 60
	sasl.login.refresh.window.factor = 0.8
	sasl.login.refresh.window.jitter = 0.05
	sasl.login.retry.backoff.max.ms = 10000
	sasl.login.retry.backoff.ms = 100
	sasl.mechanism = GSSAPI
	sasl.oauthbearer.assertion.algorithm = RS256
	sasl.oauthbearer.assertion.claim.aud = null
	sasl.oauthbearer.assertion.claim.exp.seconds = 300
	sasl.oauthbearer.assertion.claim.iss = null
	sasl.oauthbearer.assertion.claim.jti.include = false
	sasl.oauthbearer.assertion.claim.nbf.seconds = 60
	sasl.oauthbearer.assertion.claim.sub = null
	sasl.oauthbearer.assertion.file = null
	sasl.oauthbearer.assertion.private.key.file = null
	sasl.oauthbearer.assertion.private.key.passphrase = null
	sasl.oauthbearer.assertion.template.file = null
	sasl.oauthbearer.client.credentials.client.id = null
	sasl.oauthbearer.client.credentials.client.secret = null
	sasl.oauthbearer.clock.skew.seconds = 30
	sasl.oauthbearer.expected.audience = null
	sasl.oauthbearer.expected.issuer = null
	sasl.oauthbearer.header.urlencode = false
	sasl.oauthbearer.jwks.endpoint.refresh.ms = 3600000
	sasl.oauthbearer.jwks.endpoint.retry.backoff.max.ms = 10000
	sasl.oauthbearer.jwks.endpoint.retry.backoff.ms = 100
	sasl.oauthbearer.jwks.endpoint.url = null
	sasl.oauthbearer.jwt.retriever.class = class org.apache.kafka.common.security.oauthbearer.DefaultJwtRetriever
	sasl.oauthbearer.jwt.validator.class = class org.apache.kafka.common.security.oauthbearer.DefaultJwtValidator
	sasl.oauthbearer.scope = null
	sasl.oauthbearer.scope.claim.name = scope
	sasl.oauthbearer.sub.claim.name = sub
	sasl.oauthbearer.token.endpoint.url = null
	security.protocol = PLAINTEXT
	security.providers = null
	send.buffer.bytes = 131072
	socket.connection.setup.timeout.max.ms = 30000
	socket.connection.setup.timeout.ms = 10000
	ssl.cipher.suites = null
	ssl.enabled.protocols = [TLSv1.2, TLSv1.3]
	ssl.endpoint.identification.algorithm = https
	ssl.engine.factory.class = null
	ssl.key.password = null
	ssl.keymanager.algorithm = SunX509
	ssl.keystore.certificate.chain = null
	ssl.keystore.key = null
	ssl.keystore.location = null
	ssl.keystore.password = null
	ssl.keystore.type = JKS
	ssl.protocol = TLSv1.3
	ssl.provider = null
	ssl.secure.random.implementation = null
	ssl.trustmanager.algorithm = PKIX
	ssl.truststore.certificates = null
	ssl.truststore.location = null
	ssl.truststore.password = null
	ssl.truststore.type = JKS

2026-07-27 09:35:59.379 INFO  [main] [traceId=, spanId=] o.a.kafka.common.utils.AppInfoParser - Kafka version: 4.1.2
2026-07-27 09:35:59.383 INFO  [main] [traceId=, spanId=] o.a.kafka.common.utils.AppInfoParser - Kafka commitId: c82fd9b934b4c1e6
2026-07-27 09:35:59.385 INFO  [main] [traceId=, spanId=] o.a.kafka.common.utils.AppInfoParser - Kafka startTimeMs: 1785125159359
2026-07-27 09:35:59.449 INFO  [kafka-admin-client-thread | USER-SERVICE-admin-0] [traceId=, spanId=] o.apache.kafka.clients.NetworkClient - [AdminClient clientId=USER-SERVICE-admin-0] Node -1 disconnected.
2026-07-27 09:35:59.452 WARN  [kafka-admin-client-thread | USER-SERVICE-admin-0] [traceId=, spanId=] o.apache.kafka.clients.NetworkClient - [AdminClient clientId=USER-SERVICE-admin-0] Connection to node -1 (localhost/127.0.0.1:9092) could not be established. Node may not be available.
2026-07-27 09:35:59.472 INFO  [kafka-admin-client-thread | USER-SERVICE-admin-0] [traceId=, spanId=] o.a.k.c.a.i.AdminMetadataManager - [AdminClient clientId=USER-SERVICE-admin-0] Rebootstrapping with Cluster(id = null, nodes = [localhost:9092 (id: -1 rack: null isFenced: false)], partitions = [], controller = null)
2026-07-27 09:35:59.540 INFO  [kafka-admin-client-thread | USER-SERVICE-admin-0] [traceId=, spanId=] o.apache.kafka.clients.NetworkClient - [AdminClient clientId=USER-SERVICE-admin-0] Node -1 disconnected.
2026-07-27 09:35:59.547 WARN  [kafka-admin-client-thread | USER-SERVICE-admin-0] [traceId=, spanId=] o.apache.kafka.clients.NetworkClient - [AdminClient clientId=USER-SERVICE-admin-0] Connection to node -1 (localhost/127.0.0.1:9092) could not be established. Node may not be available.
2026-07-27 09:35:59.549 INFO  [kafka-admin-client-thread | USER-SERVICE-admin-0] [traceId=, spanId=] o.a.k.c.a.i.AdminMetadataManager - [AdminClient clientId=USER-SERVICE-admin-0] Rebootstrapping with Cluster(id = null, nodes = [localhost:9092 (id: -1 rack: null isFenced: false)], partitions = [], controller = null)
2026-07-27 09:35:59.550 INFO  [kafka-admin-client-thread | USER-SERVICE-admin-0] [traceId=, spanId=] o.a.k.c.a.i.AdminMetadataManager - [AdminClient clientId=USER-SERVICE-admin-0] Rebootstrapping with Cluster(id = null, nodes = [localhost:9092 (id: -1 rack: null isFenced: false)], partitions = [], controller = null)
2026-07-27 09:35:59.625 INFO  [kafka-admin-client-thread | USER-SERVICE-admin-0] [traceId=, spanId=] o.a.k.c.a.i.AdminMetadataManager - [AdminClient clientId=USER-SERVICE-admin-0] Rebootstrapping with Cluster(id = null, nodes = [localhost:9092 (id: -1 rack: null isFenced: false)], partitions = [], controller = null)
2026-07-27 09:35:59.628 INFO  [kafka-admin-client-thread | USER-SERVICE-admin-0] [traceId=, spanId=] o.a.k.c.a.i.AdminMetadataManager - [AdminClient clientId=USER-SERVICE-admin-0] Rebootstrapping with Cluster(id = null, nodes = [localhost:9092 (id: -1 rack: null isFenced: false)], partitions = [], controller = null)
2026-07-27 09:35:59.629 INFO  [kafka-admin-client-thread | USER-SERVICE-admin-0] [traceId=, spanId=] o.a.k.c.a.i.AdminMetadataManager - [AdminClient clientId=USER-SERVICE-admin-0] Rebootstrapping with Cluster(id = null, nodes = [localhost:9092 (id: -1 rack: null isFenced: false)], partitions = [], controller = null)
2026-07-27 09:35:59.737 INFO  [kafka-admin-client-thread | USER-SERVICE-admin-0] [traceId=, spanId=] o.apache.kafka.clients.NetworkClient - [AdminClient clientId=USER-SERVICE-admin-0] Node -1 disconnected.
2026-07-27 09:35:59.741 WARN  [kafka-admin-client-thread | USER-SERVICE-admin-0] [traceId=, spanId=] o.apache.kafka.clients.NetworkClient - [AdminClient clientId=USER-SERVICE-admin-0] Connection to node -1 (localhost/127.0.0.1:9092) could not be established. Node may not be available.
2026-07-27 09:35:59.742 INFO  [kafka-admin-client-thread | USER-SERVICE-admin-0] [traceId=, spanId=] o.a.k.c.a.i.AdminMetadataManager - [AdminClient clientId=USER-SERVICE-admin-0] Rebootstrapping with Cluster(id = null, nodes = [localhost:9092 (id: -1 rack: null isFenced: false)], partitions = [], controller = null)
2026-07-27 09:35:59.747 INFO  [kafka-admin-client-thread | USER-SERVICE-admin-0] [traceId=, spanId=] o.a.k.c.a.i.AdminMetadataManager - [AdminClient clientId=USER-SERVICE-admin-0] Rebootstrapping with Cluster(id = null, nodes = [localhost:9092 (id: -1 rack: null isFenced: false)], partitions = [], controller = null)
2026-07-27 09:35:59.753 INFO  [kafka-admin-client-thread | USER-SERVICE-admin-0] [traceId=, spanId=] o.a.k.c.a.i.AdminMetadataManager - [AdminClient clientId=USER-SERVICE-admin-0] Rebootstrapping with Cluster(id = null, nodes = [localhost:9092 (id: -1 rack: null isFenced: false)], partitions = [], controller = null)
2026-07-27 09:35:59.753 INFO  [kafka-admin-client-thread | USER-SERVICE-admin-0] [traceId=, spanId=] o.a.k.c.a.i.AdminMetadataManager - [AdminClient clientId=USER-SERVICE-admin-0] Rebootstrapping with Cluster(id = null, nodes = [localhost:9092 (id: -1 rack: null isFenced: false)], partitions = [], controller = null)
2026-07-27 09:35:59.848 INFO  [kafka-admin-client-thread | USER-SERVICE-admin-0] [traceId=, spanId=] o.a.k.c.a.i.AdminMetadataManager - [AdminClient clientId=USER-SERVICE-admin-0] Rebootstrapping with Cluster(id = null, nodes = [localhost:9092 (id: -1 rack: null isFenced: false)], partitions = [], controller = null)
2026-07-27 09:35:59.849 INFO  [kafka-admin-client-thread | USER-SERVICE-admin-0] [traceId=, spanId=] o.a.k.c.a.i.AdminMetadataManager - [AdminClient clientId=USER-SERVICE-admin-0] Rebootstrapping with Cluster(id = null, nodes = [localhost:9092 (id: -1 rack: null isFenced: false)], partitions = [], controller = null)
2026-07-27 09:35:59.849 INFO  [kafka-admin-client-thread | USER-SERVICE-admin-0] [traceId=, spanId=] o.a.k.c.a.i.AdminMetadataManager - [AdminClient clientId=USER-SERVICE-admin-0] Rebootstrapping with Cluster(id = null, nodes = [localhost:9092 (id: -1 rack: null isFenced: false)], partitions = [], controller = null)
2026-07-27 09:35:59.849 INFO  [kafka-admin-client-thread | USER-SERVICE-admin-0] [traceId=, spanId=] o.a.k.c.a.i.AdminMetadataManager - [AdminClient clientId=USER-SERVICE-admin-0] Rebootstrapping with Cluster(id = null, nodes = [localhost:9092 (id: -1 rack: null isFenced: false)], partitions = [], controller = null)
2026-07-27 09:35:59.856 INFO  [kafka-admin-client-thread | USER-SERVICE-admin-0] [traceId=, spanId=] o.a.k.c.a.i.AdminMetadataManager - [AdminClient clientId=USER-SERVICE-admin-0] Rebootstrapping with Cluster(id = null, nodes = [localhost:9092 (id: -1 rack: null isFenced: false)], partitions = [], controller = null)
2026-07-27 09:35:59.959 INFO  [kafka-admin-client-thread | USER-SERVICE-admin-0] [traceId=, spanId=] o.apache.kafka.clients.NetworkClient - [AdminClient clientId=USER-SERVICE-admin-0] Node -1 disconnected.
2026-07-27 09:35:59.961 WARN  [kafka-admin-client-thread | USER-SERVICE-admin-0] [traceId=, spanId=] o.apache.kafka.clients.NetworkClient - [AdminClient clientId=USER-SERVICE-admin-0] Connection to node -1 (localhost/127.0.0.1:9092) could not be established. Node may not be available.
2026-07-27 09:35:59.962 INFO  [kafka-admin-client-thread | USER-SERVICE-admin-0] [traceId=, spanId=] o.a.k.c.a.i.AdminMetadataManager - [AdminClient clientId=USER-SERVICE-admin-0] Rebootstrapping with Cluster(id = null, nodes = [localhost:9092 (id: -1 rack: null isFenced: false)], partitions = [], controller = null)
2026-07-27 09:35:59.964 INFO  [kafka-admin-client-thread | USER-SERVICE-admin-0] [traceId=, spanId=] o.a.k.c.a.i.AdminMetadataManager - [AdminClient clientId=USER-SERVICE-admin-0] Rebootstrapping with Cluster(id = null, nodes = [localhost:9092 (id: -1 rack: null isFenced: false)], partitions = [], controller = null)
2026-07-27 09:35:59.967 INFO  [kafka-admin-client-thread | USER-SERVICE-admin-0] [traceId=, spanId=] o.a.k.c.a.i.AdminMetadataManager - [AdminClient clientId=USER-SERVICE-admin-0] Rebootstrapping with Cluster(id = null, nodes = [localhost:9092 (id: -1 rack: null isFenced: false)], partitions = [], controller = null)
2026-07-27 09:35:59.968 INFO  [kafka-admin-client-thread | USER-SERVICE-admin-0] [traceId=, spanId=] o.a.k.c.a.i.AdminMetadataManager - [AdminClient clientId=USER-SERVICE-admin-0] Rebootstrapping with Cluster(id = null, nodes = [localhost:9092 (id: -1 rack: null isFenced: false)], partitions = [], controller = null)
2026-07-27 09:35:59.969 INFO  [kafka-admin-client-thread | USER-SERVICE-admin-0] [traceId=, spanId=] o.a.k.c.a.i.AdminMetadataManager - [AdminClient clientId=USER-SERVICE-admin-0] Rebootstrapping with Cluster(id = null, nodes = [localhost:9092 (id: -1 rack: null isFenced: false)], partitions = [], controller = null)
2026-07-27 09:35:59.972 INFO  [kafka-admin-client-thread | USER-SERVICE-admin-0] [traceId=, spanId=] o.a.k.c.a.i.AdminMetadataManager - [AdminClient clientId=USER-SERVICE-admin-0] Rebootstrapping with Cluster(id = null, nodes = [localhost:9092 (id: -1 rack: null isFenced: false)], partitions = [], controller = null)
2026-07-27 09:36:00.072 INFO  [kafka-admin-client-thread | USER-SERVICE-admin-0] [traceId=, spanId=] o.a.k.c.a.i.AdminMetadataManager - [AdminClient clientId=USER-SERVICE-admin-0] Rebootstrapping with Cluster(id = null, nodes = [localhost:9092 (id: -1 rack: null isFenced: false)], partitions = [], controller = null)
2026-07-27 09:36:00.077 INFO  [kafka-admin-client-thread | USER-SERVICE-admin-0] [traceId=, spanId=] o.a.k.c.a.i.AdminMetadataManager - [AdminClient clientId=USER-SERVICE-admin-0] Rebootstrapping with Cluster(id = null, nodes = [localhost:9092 (id: -1 rack: null isFenced: false)], partitions = [], controller = null)
2026-07-27 09:36:00.081 INFO  [kafka-admin-client-thread | USER-SERVICE-admin-0] [traceId=, spanId=] o.a.k.c.a.i.AdminMetadataManager - [AdminClient clientId=USER-SERVICE-admin-0] Rebootstrapping with Cluster(id = null, nodes = [localhost:9092 (id: -1 rack: null isFenced: false)], partitions = [], controller = null)
2026-07-27 09:36:00.082 INFO  [kafka-admin-client-thread | USER-SERVICE-admin-0] [traceId=, spanId=] o.a.k.c.a.i.AdminMetadataManager - [AdminClient clientId=USER-SERVICE-admin-0] Rebootstrapping with Cluster(id = null, nodes = [localhost:9092 (id: -1 rack: null isFenced: false)], partitions = [], controller = null)
2026-07-27 09:36:00.083 INFO  [kafka-admin-client-thread | USER-SERVICE-admin-0] [traceId=, spanId=] o.a.k.c.a.i.AdminMetadataManager - [AdminClient clientId=USER-SERVICE-admin-0] Rebootstrapping with Cluster(id = null, nodes = [localhost:9092 (id: -1 rack: null isFenced: false)], partitions = [], controller = null)
2026-07-27 09:36:00.085 INFO  [kafka-admin-client-thread | USER-SERVICE-admin-0] [traceId=, spanId=] o.a.k.c.a.i.AdminMetadataManager - [AdminClient clientId=USER-SERVICE-admin-0] Rebootstrapping with Cluster(id = null, nodes = [localhost:9092 (id: -1 rack: null isFenced: false)], partitions = [], controller = null)
2026-07-27 09:36:00.088 INFO  [kafka-admin-client-thread | USER-SERVICE-admin-0] [traceId=, spanId=] o.a.k.c.a.i.AdminMetadataManager - [AdminClient clientId=USER-SERVICE-admin-0] Rebootstrapping with Cluster(id = null, nodes = [localhost:9092 (id: -1 rack: null isFenced: false)], partitions = [], controller = null)
2026-07-27 09:36:00.190 INFO  [kafka-admin-client-thread | USER-SERVICE-admin-0] [traceId=, spanId=] o.a.k.c.a.i.AdminMetadataManager - [AdminClient clientId=USER-SERVICE-admin-0] Rebootstrapping with Cluster(id = null, nodes = [localhost:9092 (id: -1 rack: null isFenced: false)], partitions = [], controller = null)
2026-07-27 09:36:00.205 INFO  [kafka-admin-client-thread | USER-SERVICE-admin-0] [traceId=, spanId=] o.a.k.c.a.i.AdminMetadataManager - [AdminClient clientId=USER-SERVICE-admin-0] Rebootstrapping with Cluster(id = null, nodes = [localhost:9092 (id: -1 rack: null isFenced: false)], partitions = [], controller = null)
2026-07-27 09:36:00.206 INFO  [kafka-admin-client-thread | USER-SERVICE-admin-0] [traceId=, spanId=] o.a.k.c.a.i.AdminMetadataManager - [AdminClient clientId=USER-SERVICE-admin-0] Rebootstrapping with Cluster(id = null, nodes = [localhost:9092 (id: -1 rack: null isFenced: false)], partitions = [], controller = null)
2026-07-27 09:36:00.206 INFO  [kafka-admin-client-thread | USER-SERVICE-admin-0] [traceId=, spanId=] o.a.k.c.a.i.AdminMetadataManager - [AdminClient clientId=USER-SERVICE-admin-0] Rebootstrapping with Cluster(id = null, nodes = [localhost:9092 (id: -1 rack: null isFenced: false)], partitions = [], controller = null)
2026-07-27 09:36:00.207 INFO  [kafka-admin-client-thread | USER-SERVICE-admin-0] [traceId=, spanId=] o.a.k.c.a.i.AdminMetadataManager - [AdminClient clientId=USER-SERVICE-admin-0] Rebootstrapping with Cluster(id = null, nodes = [localhost:9092 (id: -1 rack: null isFenced: false)], partitions = [], controller = null)
2026-07-27 09:36:00.207 INFO  [kafka-admin-client-thread | USER-SERVICE-admin-0] [traceId=, spanId=] o.a.k.c.a.i.AdminMetadataManager - [AdminClient clientId=USER-SERVICE-admin-0] Rebootstrapping with Cluster(id = null, nodes = [localhost:9092 (id: -1 rack: null isFenced: false)], partitions = [], controller = null)
2026-07-27 09:36:00.207 INFO  [kafka-admin-client-thread | USER-SERVICE-admin-0] [traceId=, spanId=] o.a.k.c.a.i.AdminMetadataManager - [AdminClient clientId=USER-SERVICE-admin-0] Rebootstrapping with Cluster(id = null, nodes = [localhost:9092 (id: -1 rack: null isFenced: false)], partitions = [], controller = null)
2026-07-27 09:36:00.207 INFO  [kafka-admin-client-thread | USER-SERVICE-admin-0] [traceId=, spanId=] o.a.k.c.a.i.AdminMetadataManager - [AdminClient clientId=USER-SERVICE-admin-0] Rebootstrapping with Cluster(id = null, nodes = [localhost:9092 (id: -1 rack: null isFenced: false)], partitions = [], controller = null)
2026-07-27 09:36:00.312 INFO  [kafka-admin-client-thread | USER-SERVICE-admin-0] [traceId=, spanId=] o.a.k.c.a.i.AdminMetadataManager - [AdminClient clientId=USER-SERVICE-admin-0] Rebootstrapping with Cluster(id = null, nodes = [localhost:9092 (id: -1 rack: null isFenced: false)], partitions = [], controller = null)
2026-07-27 09:36:00.313 INFO  [kafka-admin-client-thread | USER-SERVICE-admin-0] [traceId=, spanId=] o.a.k.c.a.i.AdminMetadataManager - [AdminClient clientId=USER-SERVICE-admin-0] Rebootstrapping with Cluster(id = null, nodes = [localhost:9092 (id: -1 rack: null isFenced: false)], partitions = [], controller = null)
2026-07-27 09:36:00.313 INFO  [kafka-admin-client-thread | USER-SERVICE-admin-0] [traceId=, spanId=] o.a.k.c.a.i.AdminMetadataManager - [AdminClient clientId=USER-SERVICE-admin-0] Rebootstrapping with Cluster(id = null, nodes = [localhost:9092 (id: -1 rack: null isFenced: false)], partitions = [], controller = null)
2026-07-27 09:36:00.314 INFO  [kafka-admin-client-thread | USER-SERVICE-admin-0] [traceId=, spanId=] o.a.k.c.a.i.AdminMetadataManager - [AdminClient clientId=USER-SERVICE-admin-0] Rebootstrapping with Cluster(id = null, nodes = [localhost:9092 (id: -1 rack: null isFenced: false)], partitions = [], controller = null)
2026-07-27 09:36:00.321 INFO  [kafka-admin-client-thread | USER-SERVICE-admin-0] [traceId=, spanId=] o.a.k.c.a.i.AdminMetadataManager - [AdminClient clientId=USER-SERVICE-admin-0] Rebootstrapping with Cluster(id = null, nodes = [localhost:9092 (id: -1 rack: null isFenced: false)], partitions = [], controller = null)
2026-07-27 09:36:00.322 INFO  [kafka-admin-client-thread | USER-SERVICE-admin-0] [traceId=, spanId=] o.a.k.c.a.i.AdminMetadataManager - [AdminClient clientId=USER-SERVICE-admin-0] Rebootstrapping with Cluster(id = null, nodes = [localhost:9092 (id: -1 rack: null isFenced: false)], partitions = [], controller = null)
2026-07-27 09:36:00.322 INFO  [kafka-admin-client-thread | USER-SERVICE-admin-0] [traceId=, spanId=] o.a.k.c.a.i.AdminMetadataManager - [AdminClient clientId=USER-SERVICE-admin-0] Rebootstrapping with Cluster(id = null, nodes = [localhost:9092 (id: -1 rack: null isFenced: false)], partitions = [], controller = null)
2026-07-27 09:36:00.322 INFO  [kafka-admin-client-thread | USER-SERVICE-admin-0] [traceId=, spanId=] o.a.k.c.a.i.AdminMetadataManager - [AdminClient clientId=USER-SERVICE-admin-0] Rebootstrapping with Cluster(id = null, nodes = [localhost:9092 (id: -1 rack: null isFenced: false)], partitions = [], controller = null)
2026-07-27 09:36:00.322 INFO  [kafka-admin-client-thread | USER-SERVICE-admin-0] [traceId=, spanId=] o.a.k.c.a.i.AdminMetadataManager - [AdminClient clientId=USER-SERVICE-admin-0] Rebootstrapping with Cluster(id = null, nodes = [localhost:9092 (id: -1 rack: null isFenced: false)], partitions = [], controller = null)
2026-07-27 09:36:00.430 INFO  [kafka-admin-client-thread | USER-SERVICE-admin-0] [traceId=, spanId=] o.apache.kafka.clients.NetworkClient - [AdminClient clientId=USER-SERVICE-admin-0] Node -1 disconnected.
2026-07-27 09:36:00.432 WARN  [kafka-admin-client-thread | USER-SERVICE-admin-0] [traceId=, spanId=] o.apache.kafka.clients.NetworkClient - [AdminClient clientId=USER-SERVICE-admin-0] Connection to node -1 (localhost/127.0.0.1:9092) could not be established. Node may not be available.
2026-07-27 09:36:00.433 INFO  [kafka-admin-client-thread | USER-SERVICE-admin-0] [traceId=, spanId=] o.a.k.c.a.i.AdminMetadataManager - [AdminClient clientId=USER-SERVICE-admin-0] Rebootstrapping with Cluster(id = null, nodes = [localhost:9092 (id: -1 rack: null isFenced: false)], partitions = [], controller = null)
2026-07-27 09:36:00.434 INFO  [kafka-admin-client-thread | USER-SERVICE-admin-0] [traceId=, spanId=] o.a.k.c.a.i.AdminMetadataManager - [AdminClient clientId=USER-SERVICE-admin-0] Rebootstrapping with Cluster(id = null, nodes = [localhost:9092 (id: -1 rack: null isFenced: false)], partitions = [], controller = null)
2026-07-27 09:36:00.434 INFO  [kafka-admin-client-thread | USER-SERVICE-admin-0] [traceId=, spanId=] o.a.k.c.a.i.AdminMetadataManager - [AdminClient clientId=USER-SERVICE-admin-0] Rebootstrapping with Cluster(id = null, nodes = [localhost:9092 (id: -1 rack: null isFenced: false)], partitions = [], controller = null)
2026-07-27 09:36:00.435 INFO  [kafka-admin-client-thread | USER-SERVICE-admin-0] [traceId=, spanId=] o.a.k.c.a.i.AdminMetadataManager - [AdminClient clientId=USER-SERVICE-admin-0] Rebootstrapping with Cluster(id = null, nodes = [localhost:9092 (id: -1 rack: null isFenced: false)], partitions = [], controller = null)
2026-07-27 09:36:00.436 INFO  [kafka-admin-client-thread | USER-SERVICE-admin-0] [traceId=, spanId=] o.a.k.c.a.i.AdminMetadataManager - [AdminClient clientId=USER-SERVICE-admin-0] Rebootstrapping with Cluster(id = null, nodes = [localhost:9092 (id: -1 rack: null isFenced: false)], partitions = [], controller = null)
2026-07-27 09:36:00.437 INFO  [kafka-admin-client-thread | USER-SERVICE-admin-0] [traceId=, spanId=] o.a.k.c.a.i.AdminMetadataManager - [AdminClient clientId=USER-SERVICE-admin-0] Rebootstrapping with Cluster(id = null, nodes = [localhost:9092 (id: -1 rack: null isFenced: false)], partitions = [], controller = null)
2026-07-27 09:36:00.438 INFO  [kafka-admin-client-thread | USER-SERVICE-admin-0] [traceId=, spanId=] o.a.k.c.a.i.AdminMetadataManager - [AdminClient clientId=USER-SERVICE-admin-0] Rebootstrapping with Cluster(id = null, nodes = [localhost:9092 (id: -1 rack: null isFenced: false)], partitions = [], controller = null)
2026-07-27 09:36:00.438 INFO  [kafka-admin-client-thread | USER-SERVICE-admin-0] [traceId=, spanId=] o.a.k.c.a.i.AdminMetadataManager - [AdminClient clientId=USER-SERVICE-admin-0] Rebootstrapping with Cluster(id = null, nodes = [localhost:9092 (id: -1 rack: null isFenced: false)], partitions = [], controller = null)
2026-07-27 09:36:00.438 INFO  [kafka-admin-client-thread | USER-SERVICE-admin-0] [traceId=, spanId=] o.a.k.c.a.i.AdminMetadataManager - [AdminClient clientId=USER-SERVICE-admin-0] Rebootstrapping with Cluster(id = null, nodes = [localhost:9092 (id: -1 rack: null isFenced: false)], partitions = [], controller = null)
2026-07-27 09:36:00.439 INFO  [kafka-admin-client-thread | USER-SERVICE-admin-0] [traceId=, spanId=] o.a.k.c.a.i.AdminMetadataManager - [AdminClient clientId=USER-SERVICE-admin-0] Rebootstrapping with Cluster(id = null, nodes = [localhost:9092 (id: -1 rack: null isFenced: false)], partitions = [], controller = null)
2026-07-27 09:36:00.534 INFO  [kafka-admin-client-thread | USER-SERVICE-admin-0] [traceId=, spanId=] o.a.k.c.a.i.AdminMetadataManager - [AdminClient clientId=USER-SERVICE-admin-0] Rebootstrapping with Cluster(id = null, nodes = [localhost:9092 (id: -1 rack: null isFenced: false)], partitions = [], controller = null)
2026-07-27 09:36:00.535 INFO  [kafka-admin-client-thread | USER-SERVICE-admin-0] [traceId=, spanId=] o.a.k.c.a.i.AdminMetadataManager - [AdminClient clientId=USER-SERVICE-admin-0] Rebootstrapping with Cluster(id = null, nodes = [localhost:9092 (id: -1 rack: null isFenced: false)], partitions = [], controller = null)
2026-07-27 09:36:00.536 INFO  [kafka-admin-client-thread | USER-SERVICE-admin-0] [traceId=, spanId=] o.a.k.c.a.i.AdminMetadataManager - [AdminClient clientId=USER-SERVICE-admin-0] Rebootstrapping with Cluster(id = null, nodes = [localhost:9092 (id: -1 rack: null isFenced: false)], partitions = [], controller = null)
2026-07-27 09:36:00.536 INFO  [kafka-admin-client-thread | USER-SERVICE-admin-0] [traceId=, spanId=] o.a.k.c.a.i.AdminMetadataManager - [AdminClient clientId=USER-SERVICE-admin-0] Rebootstrapping with Cluster(id = null, nodes = [localhost:9092 (id: -1 rack: null isFenced: false)], partitions = [], controller = null)
2026-07-27 09:36:00.536 INFO  [kafka-admin-client-thread | USER-SERVICE-admin-0] [traceId=, spanId=] o.a.k.c.a.i.AdminMetadataManager - [AdminClient clientId=USER-SERVICE-admin-0] Rebootstrapping with Cluster(id = null, nodes = [localhost:9092 (id: -1 rack: null isFenced: false)], partitions = [], controller = null)
2026-07-27 09:36:00.544 INFO  [kafka-admin-client-thread | USER-SERVICE-admin-0] [traceId=, spanId=] o.a.k.c.a.i.AdminMetadataManager - [AdminClient clientId=USER-SERVICE-admin-0] Rebootstrapping with Cluster(id = null, nodes = [localhost:9092 (id: -1 rack: null isFenced: false)], partitions = [], controller = null)
2026-07-27 09:36:00.545 INFO  [kafka-admin-client-thread | USER-SERVICE-admin-0] [traceId=, spanId=] o.a.k.c.a.i.AdminMetadataManager - [AdminClient clientId=USER-SERVICE-admin-0] Rebootstrapping with Cluster(id = null, nodes = [localhost:9092 (id: -1 rack: null isFenced: false)], partitions = [], controller = null)
2026-07-27 09:36:00.545 INFO  [kafka-admin-client-thread | USER-SERVICE-admin-0] [traceId=, spanId=] o.a.k.c.a.i.AdminMetadataManager - [AdminClient clientId=USER-SERVICE-admin-0] Rebootstrapping with Cluster(id = null, nodes = [localhost:9092 (id: -1 rack: null isFenced: false)], partitions = [], controller = null)
2026-07-27 09:36:00.546 INFO  [kafka-admin-client-thread | USER-SERVICE-admin-0] [traceId=, spanId=] o.a.k.c.a.i.AdminMetadataManager - [AdminClient clientId=USER-SERVICE-admin-0] Rebootstrapping with Cluster(id = null, nodes = [localhost:9092 (id: -1 rack: null isFenced: false)], partitions = [], controller = null)
2026-07-27 09:36:00.546 INFO  [kafka-admin-client-thread | USER-SERVICE-admin-0] [traceId=, spanId=] o.a.k.c.a.i.AdminMetadataManager - [AdminClient clientId=USER-SERVICE-admin-0] Rebootstrapping with Cluster(id = null, nodes = [localhost:9092 (id: -1 rack: null isFenced: false)], partitions = [], controller = null)
2026-07-27 09:36:00.546 INFO  [kafka-admin-client-thread | USER-SERVICE-admin-0] [traceId=, spanId=] o.a.k.c.a.i.AdminMetadataManager - [AdminClient clientId=USER-SERVICE-admin-0] Rebootstrapping with Cluster(id = null, nodes = [localhost:9092 (id: -1 rack: null isFenced: false)], partitions = [], controller = null)
2026-07-27 09:36:00.648 INFO  [kafka-admin-client-thread | USER-SERVICE-admin-0] [traceId=, spanId=] o.a.k.c.a.i.AdminMetadataManager - [AdminClient clientId=USER-SERVICE-admin-0] Rebootstrapping with Cluster(id = null, nodes = [localhost:9092 (id: -1 rack: null isFenced: false)], partitions = [], controller = null)
2026-07-27 09:36:00.651 INFO  [kafka-admin-client-thread | USER-SERVICE-admin-0] [traceId=, spanId=] o.a.k.c.a.i.AdminMetadataManager - [AdminClient clientId=USER-SERVICE-admin-0] Rebootstrapping with Cluster(id = null, nodes = [localhost:9092 (id: -1 rack: null isFenced: false)], partitions = [], controller = null)
2026-07-27 09:36:00.652 INFO  [kafka-admin-client-thread | USER-SERVICE-admin-0] [traceId=, spanId=] o.a.k.c.a.i.AdminMetadataManager - [AdminClient clientId=USER-SERVICE-admin-0] Rebootstrapping with Cluster(id = null, nodes = [localhost:9092 (id: -1 rack: null isFenced: false)], partitions = [], controller = null)
2026-07-27 09:36:00.656 INFO  [kafka-admin-client-thread | USER-SERVICE-admin-0] [traceId=, spanId=] o.a.k.c.a.i.AdminMetadataManager - [AdminClient clientId=USER-SERVICE-admin-0] Rebootstrapping with Cluster(id = null, nodes = [localhost:9092 (id: -1 rack: null isFenced: false)], partitions = [], controller = null)
2026-07-27 09:36:00.657 INFO  [kafka-admin-client-thread | USER-SERVICE-admin-0] [traceId=, spanId=] o.a.k.c.a.i.AdminMetadataManager - [AdminClient clientId=USER-SERVICE-admin-0] Rebootstrapping with Cluster(id = null, nodes = [localhost:9092 (id: -1 rack: null isFenced: false)], partitions = [], controller = null)
2026-07-27 09:36:00.657 INFO  [kafka-admin-client-thread | USER-SERVICE-admin-0] [traceId=, spanId=] o.a.k.c.a.i.AdminMetadataManager - [AdminClient clientId=USER-SERVICE-admin-0] Rebootstrapping with Cluster(id = null, nodes = [localhost:9092 (id: -1 rack: null isFenced: false)], partitions = [], controller = null)
2026-07-27 09:36:00.657 INFO  [kafka-admin-client-thread | USER-SERVICE-admin-0] [traceId=, spanId=] o.a.k.c.a.i.AdminMetadataManager - [AdminClient clientId=USER-SERVICE-admin-0] Rebootstrapping with Cluster(id = null, nodes = [localhost:9092 (id: -1 rack: null isFenced: false)], partitions = [], controller = null)
2026-07-27 09:36:00.658 INFO  [kafka-admin-client-thread | USER-SERVICE-admin-0] [traceId=, spanId=] o.a.k.c.a.i.AdminMetadataManager - [AdminClient clientId=USER-SERVICE-admin-0] Rebootstrapping with Cluster(id = null, nodes = [localhost:9092 (id: -1 rack: null isFenced: false)], partitions = [], controller = null)
2026-07-27 09:36:00.658 INFO  [kafka-admin-client-thread | USER-SERVICE-admin-0] [traceId=, spanId=] o.a.k.c.a.i.AdminMetadataManager - [AdminClient clientId=USER-SERVICE-admin-0] Rebootstrapping with Cluster(id = null, nodes = [localhost:9092 (id: -1 rack: null isFenced: false)], partitions = [], controller = null)
2026-07-27 09:36:00.658 INFO  [kafka-admin-client-thread | USER-SERVICE-admin-0] [traceId=, spanId=] o.a.k.c.a.i.AdminMetadataManager - [AdminClient clientId=USER-SERVICE-admin-0] Rebootstrapping with Cluster(id = null, nodes = [localhost:9092 (id: -1 rack: null isFenced: false)], partitions = [], controller = null)
2026-07-27 09:36:00.658 INFO  [kafka-admin-client-thread | USER-SERVICE-admin-0] [traceId=, spanId=] o.a.k.c.a.i.AdminMetadataManager - [AdminClient clientId=USER-SERVICE-admin-0] Rebootstrapping with Cluster(id = null, nodes = [localhost:9092 (id: -1 rack: null isFenced: false)], partitions = [], controller = null)
2026-07-27 09:36:00.663 INFO  [kafka-admin-client-thread | USER-SERVICE-admin-0] [traceId=, spanId=] o.a.k.c.a.i.AdminMetadataManager - [AdminClient clientId=USER-SERVICE-admin-0] Rebootstrapping with Cluster(id = null, nodes = [localhost:9092 (id: -1 rack: null isFenced: false)], partitions = [], controller = null)
2026-07-27 09:36:00.764 INFO  [kafka-admin-client-thread | USER-SERVICE-admin-0] [traceId=, spanId=] o.a.k.c.a.i.AdminMetadataManager - [AdminClient clientId=USER-SERVICE-admin-0] Rebootstrapping with Cluster(id = null, nodes = [localhost:9092 (id: -1 rack: null isFenced: false)], partitions = [], controller = null)
2026-07-27 09:36:00.774 INFO  [kafka-admin-client-thread | USER-SERVICE-admin-0] [traceId=, spanId=] o.a.k.c.a.i.AdminMetadataManager - [AdminClient clientId=USER-SERVICE-admin-0] Rebootstrapping with Cluster(id = null, nodes = [localhost:9092 (id: -1 rack: null isFenced: false)], partitions = [], controller = null)
2026-07-27 09:36:00.779 INFO  [kafka-admin-client-thread | USER-SERVICE-admin-0] [traceId=, spanId=] o.a.k.c.a.i.AdminMetadataManager - [AdminClient clientId=USER-SERVICE-admin-0] Rebootstrapping with Cluster(id = null, nodes = [localhost:9092 (id: -1 rack: null isFenced: false)], partitions = [], controller = null)
2026-07-27 09:36:00.781 INFO  [kafka-admin-client-thread | USER-SERVICE-admin-0] [traceId=, spanId=] o.a.k.c.a.i.AdminMetadataManager - [AdminClient clientId=USER-SERVICE-admin-0] Rebootstrapping with Cluster(id = null, nodes = [localhost:9092 (id: -1 rack: null isFenced: false)], partitions = [], controller = null)
2026-07-27 09:36:00.782 INFO  [kafka-admin-client-thread | USER-SERVICE-admin-0] [traceId=, spanId=] o.a.k.c.a.i.AdminMetadataManager - [AdminClient clientId=USER-SERVICE-admin-0] Rebootstrapping with Cluster(id = null, nodes = [localhost:9092 (id: -1 rack: null isFenced: false)], partitions = [], controller = null)
2026-07-27 09:36:00.784 INFO  [kafka-admin-client-thread | USER-SERVICE-admin-0] [traceId=, spanId=] o.a.k.c.a.i.AdminMetadataManager - [AdminClient clientId=USER-SERVICE-admin-0] Rebootstrapping with Cluster(id = null, nodes = [localhost:9092 (id: -1 rack: null isFenced: false)], partitions = [], controller = null)
2026-07-27 09:36:00.786 INFO  [kafka-admin-client-thread | USER-SERVICE-admin-0] [traceId=, spanId=] o.a.k.c.a.i.AdminMetadataManager - [AdminClient clientId=USER-SERVICE-admin-0] Rebootstrapping with Cluster(id = null, nodes = [localhost:9092 (id: -1 rack: null isFenced: false)], partitions = [], controller = null)
2026-07-27 09:36:00.787 INFO  [kafka-admin-client-thread | USER-SERVICE-admin-0] [traceId=, spanId=] o.a.k.c.a.i.AdminMetadataManager - [AdminClient clientId=USER-SERVICE-admin-0] Rebootstrapping with Cluster(id = null, nodes = [localhost:9092 (id: -1 rack: null isFenced: false)], partitions = [], controller = null)
2026-07-27 09:36:00.788 INFO  [kafka-admin-client-thread | USER-SERVICE-admin-0] [traceId=, spanId=] o.a.k.c.a.i.AdminMetadataManager - [AdminClient clientId=USER-SERVICE-admin-0] Rebootstrapping with Cluster(id = null, nodes = [localhost:9092 (id: -1 rack: null isFenced: false)], partitions = [], controller = null)
2026-07-27 09:36:00.790 INFO  [kafka-admin-client-thread | USER-SERVICE-admin-0] [traceId=, spanId=] o.a.k.c.a.i.AdminMetadataManager - [AdminClient clientId=USER-SERVICE-admin-0] Rebootstrapping with Cluster(id = null, nodes = [localhost:9092 (id: -1 rack: null isFenced: false)], partitions = [], controller = null)
2026-07-27 09:36:00.792 INFO  [kafka-admin-client-thread | USER-SERVICE-admin-0] [traceId=, spanId=] o.a.k.c.a.i.AdminMetadataManager - [AdminClient clientId=USER-SERVICE-admin-0] Rebootstrapping with Cluster(id = null, nodes = [localhost:9092 (id: -1 rack: null isFenced: false)], partitions = [], controller = null)
2026-07-27 09:36:00.792 INFO  [kafka-admin-client-thread | USER-SERVICE-admin-0] [traceId=, spanId=] o.a.k.c.a.i.AdminMetadataManager - [AdminClient clientId=USER-SERVICE-admin-0] Rebootstrapping with Cluster(id = null, nodes = [localhost:9092 (id: -1 rack: null isFenced: false)], partitions = [], controller = null)
2026-07-27 09:36:00.793 INFO  [kafka-admin-client-thread | USER-SERVICE-admin-0] [traceId=, spanId=] o.a.k.c.a.i.AdminMetadataManager - [AdminClient clientId=USER-SERVICE-admin-0] Rebootstrapping with Cluster(id = null, nodes = [localhost:9092 (id: -1 rack: null isFenced: false)], partitions = [], controller = null)
2026-07-27 09:36:00.896 INFO  [kafka-admin-client-thread | USER-SERVICE-admin-0] [traceId=, spanId=] o.a.k.c.a.i.AdminMetadataManager - [AdminClient clientId=USER-SERVICE-admin-0] Rebootstrapping with Cluster(id = null, nodes = [localhost:9092 (id: -1 rack: null isFenced: false)], partitions = [], controller = null)
2026-07-27 09:36:00.900 INFO  [kafka-admin-client-thread | USER-SERVICE-admin-0] [traceId=, spanId=] o.a.k.c.a.i.AdminMetadataManager - [AdminClient clientId=USER-SERVICE-admin-0] Rebootstrapping with Cluster(id = null, nodes = [localhost:9092 (id: -1 rack: null isFenced: false)], partitions = [], controller = null)
2026-07-27 09:36:00.901 INFO  [kafka-admin-client-thread | USER-SERVICE-admin-0] [traceId=, spanId=] o.a.k.c.a.i.AdminMetadataManager - [AdminClient clientId=USER-SERVICE-admin-0] Rebootstrapping with Cluster(id = null, nodes = [localhost:9092 (id: -1 rack: null isFenced: false)], partitions = [], controller = null)
2026-07-27 09:36:00.901 INFO  [kafka-admin-client-thread | USER-SERVICE-admin-0] [traceId=, spanId=] o.a.k.c.a.i.AdminMetadataManager - [AdminClient clientId=USER-SERVICE-admin-0] Rebootstrapping with Cluster(id = null, nodes = [localhost:9092 (id: -1 rack: null isFenced: false)], partitions = [], controller = null)
2026-07-27 09:36:00.901 INFO  [kafka-admin-client-thread | USER-SERVICE-admin-0] [traceId=, spanId=] o.a.k.c.a.i.AdminMetadataManager - [AdminClient clientId=USER-SERVICE-admin-0] Rebootstrapping with Cluster(id = null, nodes = [localhost:9092 (id: -1 rack: null isFenced: false)], partitions = [], controller = null)
2026-07-27 09:36:00.902 INFO  [kafka-admin-client-thread | USER-SERVICE-admin-0] [traceId=, spanId=] o.a.k.c.a.i.AdminMetadataManager - [AdminClient clientId=USER-SERVICE-admin-0] Rebootstrapping with Cluster(id = null, nodes = [localhost:9092 (id: -1 rack: null isFenced: false)], partitions = [], controller = null)
2026-07-27 09:36:00.910 INFO  [kafka-admin-client-thread | USER-SERVICE-admin-0] [traceId=, spanId=] o.a.k.c.a.i.AdminMetadataManager - [AdminClient clientId=USER-SERVICE-admin-0] Rebootstrapping with Cluster(id = null, nodes = [localhost:9092 (id: -1 rack: null isFenced: false)], partitions = [], controller = null)
2026-07-27 09:36:00.911 INFO  [kafka-admin-client-thread | USER-SERVICE-admin-0] [traceId=, spanId=] o.a.k.c.a.i.AdminMetadataManager - [AdminClient clientId=USER-SERVICE-admin-0] Rebootstrapping with Cluster(id = null, nodes = [localhost:9092 (id: -1 rack: null isFenced: false)], partitions = [], controller = null)
2026-07-27 09:36:00.911 INFO  [kafka-admin-client-thread | USER-SERVICE-admin-0] [traceId=, spanId=] o.a.k.c.a.i.AdminMetadataManager - [AdminClient clientId=USER-SERVICE-admin-0] Rebootstrapping with Cluster(id = null, nodes = [localhost:9092 (id: -1 rack: null isFenced: false)], partitions = [], controller = null)
2026-07-27 09:36:00.912 INFO  [kafka-admin-client-thread | USER-SERVICE-admin-0] [traceId=, spanId=] o.a.k.c.a.i.AdminMetadataManager - [AdminClient clientId=USER-SERVICE-admin-0] Rebootstrapping with Cluster(id = null, nodes = [localhost:9092 (id: -1 rack: null isFenced: false)], partitions = [], controller = null)
2026-07-27 09:36:00.912 INFO  [kafka-admin-client-thread | USER-SERVICE-admin-0] [traceId=, spanId=] o.a.k.c.a.i.AdminMetadataManager - [AdminClient clientId=USER-SERVICE-admin-0] Rebootstrapping with Cluster(id = null, nodes = [localhost:9092 (id: -1 rack: null isFenced: false)], partitions = [], controller = null)
2026-07-27 09:36:00.916 INFO  [kafka-admin-client-thread | USER-SERVICE-admin-0] [traceId=, spanId=] o.a.k.c.a.i.AdminMetadataManager - [AdminClient clientId=USER-SERVICE-admin-0] Rebootstrapping with Cluster(id = null, nodes = [localhost:9092 (id: -1 rack: null isFenced: false)], partitions = [], controller = null)
2026-07-27 09:36:00.919 INFO  [kafka-admin-client-thread | USER-SERVICE-admin-0] [traceId=, spanId=] o.a.k.c.a.i.AdminMetadataManager - [AdminClient clientId=USER-SERVICE-admin-0] Rebootstrapping with Cluster(id = null, nodes = [localhost:9092 (id: -1 rack: null isFenced: false)], partitions = [], controller = null)
2026-07-27 09:36:00.920 INFO  [kafka-admin-client-thread | USER-SERVICE-admin-0] [traceId=, spanId=] o.a.k.c.a.i.AdminMetadataManager - [AdminClient clientId=USER-SERVICE-admin-0] Rebootstrapping with Cluster(id = null, nodes = [localhost:9092 (id: -1 rack: null isFenced: false)], partitions = [], controller = null)
2026-07-27 09:36:01.021 INFO  [kafka-admin-client-thread | USER-SERVICE-admin-0] [traceId=, spanId=] o.a.k.c.a.i.AdminMetadataManager - [AdminClient clientId=USER-SERVICE-admin-0] Rebootstrapping with Cluster(id = null, nodes = [localhost:9092 (id: -1 rack: null isFenced: false)], partitions = [], controller = null)
2026-07-27 09:36:01.022 INFO  [kafka-admin-client-thread | USER-SERVICE-admin-0] [traceId=, spanId=] o.a.k.c.a.i.AdminMetadataManager - [AdminClient clientId=USER-SERVICE-admin-0] Rebootstrapping with Cluster(id = null, nodes = [localhost:9092 (id: -1 rack: null isFenced: false)], partitions = [], controller = null)
2026-07-27 09:36:01.022 INFO  [kafka-admin-client-thread | USER-SERVICE-admin-0] [traceId=, spanId=] o.a.k.c.a.i.AdminMetadataManager - [AdminClient clientId=USER-SERVICE-admin-0] Rebootstrapping with Cluster(id = null, nodes = [localhost:9092 (id: -1 rack: null isFenced: false)], partitions = [], controller = null)
2026-07-27 09:36:01.023 INFO  [kafka-admin-client-thread | USER-SERVICE-admin-0] [traceId=, spanId=] o.a.k.c.a.i.AdminMetadataManager - [AdminClient clientId=USER-SERVICE-admin-0] Rebootstrapping with Cluster(id = null, nodes = [localhost:9092 (id: -1 rack: null isFenced: false)], partitions = [], controller = null)
2026-07-27 09:36:01.027 INFO  [kafka-admin-client-thread | USER-SERVICE-admin-0] [traceId=, spanId=] o.a.k.c.a.i.AdminMetadataManager - [AdminClient clientId=USER-SERVICE-admin-0] Rebootstrapping with Cluster(id = null, nodes = [localhost:9092 (id: -1 rack: null isFenced: false)], partitions = [], controller = null)
2026-07-27 09:36:01.033 INFO  [kafka-admin-client-thread | USER-SERVICE-admin-0] [traceId=, spanId=] o.a.k.c.a.i.AdminMetadataManager - [AdminClient clientId=USER-SERVICE-admin-0] Rebootstrapping with Cluster(id = null, nodes = [localhost:9092 (id: -1 rack: null isFenced: false)], partitions = [], controller = null)
2026-07-27 09:36:01.035 INFO  [kafka-admin-client-thread | USER-SERVICE-admin-0] [traceId=, spanId=] o.a.k.c.a.i.AdminMetadataManager - [AdminClient clientId=USER-SERVICE-admin-0] Rebootstrapping with Cluster(id = null, nodes = [localhost:9092 (id: -1 rack: null isFenced: false)], partitions = [], controller = null)
2026-07-27 09:36:01.035 INFO  [kafka-admin-client-thread | USER-SERVICE-admin-0] [traceId=, spanId=] o.a.k.c.a.i.AdminMetadataManager - [AdminClient clientId=USER-SERVICE-admin-0] Rebootstrapping with Cluster(id = null, nodes = [localhost:9092 (id: -1 rack: null isFenced: false)], partitions = [], controller = null)
2026-07-27 09:36:01.037 INFO  [kafka-admin-client-thread | USER-SERVICE-admin-0] [traceId=, spanId=] o.a.k.c.a.i.AdminMetadataManager - [AdminClient clientId=USER-SERVICE-admin-0] Rebootstrapping with Cluster(id = null, nodes = [localhost:9092 (id: -1 rack: null isFenced: false)], partitions = [], controller = null)
2026-07-27 09:36:01.040 INFO  [kafka-admin-client-thread | USER-SERVICE-admin-0] [traceId=, spanId=] o.a.k.c.a.i.AdminMetadataManager - [AdminClient clientId=USER-SERVICE-admin-0] Rebootstrapping with Cluster(id = null, nodes = [localhost:9092 (id: -1 rack: null isFenced: false)], partitions = [], controller = null)
2026-07-27 09:36:01.041 INFO  [kafka-admin-client-thread | USER-SERVICE-admin-0] [traceId=, spanId=] o.a.k.c.a.i.AdminMetadataManager - [AdminClient clientId=USER-SERVICE-admin-0] Rebootstrapping with Cluster(id = null, nodes = [localhost:9092 (id: -1 rack: null isFenced: false)], partitions = [], controller = null)
2026-07-27 09:36:01.044 INFO  [kafka-admin-client-thread | USER-SERVICE-admin-0] [traceId=, spanId=] o.a.k.c.a.i.AdminMetadataManager - [AdminClient clientId=USER-SERVICE-admin-0] Rebootstrapping with Cluster(id = null, nodes = [localhost:9092 (id: -1 rack: null isFenced: false)], partitions = [], controller = null)
2026-07-27 09:36:01.046 INFO  [kafka-admin-client-thread | USER-SERVICE-admin-0] [traceId=, spanId=] o.a.k.c.a.i.AdminMetadataManager - [AdminClient clientId=USER-SERVICE-admin-0] Rebootstrapping with Cluster(id = null, nodes = [localhost:9092 (id: -1 rack: null isFenced: false)], partitions = [], controller = null)
2026-07-27 09:36:01.046 INFO  [kafka-admin-client-thread | USER-SERVICE-admin-0] [traceId=, spanId=] o.a.k.c.a.i.AdminMetadataManager - [AdminClient clientId=USER-SERVICE-admin-0] Rebootstrapping with Cluster(id = null, nodes = [localhost:9092 (id: -1 rack: null isFenced: false)], partitions = [], controller = null)
2026-07-27 09:36:01.050 INFO  [kafka-admin-client-thread | USER-SERVICE-admin-0] [traceId=, spanId=] o.a.k.c.a.i.AdminMetadataManager - [AdminClient clientId=USER-SERVICE-admin-0] Rebootstrapping with Cluster(id = null, nodes = [localhost:9092 (id: -1 rack: null isFenced: false)], partitions = [], controller = null)
2026-07-27 09:36:01.154 INFO  [kafka-admin-client-thread | USER-SERVICE-admin-0] [traceId=, spanId=] o.a.k.c.a.i.AdminMetadataManager - [AdminClient clientId=USER-SERVICE-admin-0] Rebootstrapping with Cluster(id = null, nodes = [localhost:9092 (id: -1 rack: null isFenced: false)], partitions = [], controller = null)
2026-07-27 09:36:01.159 INFO  [kafka-admin-client-thread | USER-SERVICE-admin-0] [traceId=, spanId=] o.a.k.c.a.i.AdminMetadataManager - [AdminClient clientId=USER-SERVICE-admin-0] Rebootstrapping with Cluster(id = null, nodes = [localhost:9092 (id: -1 rack: null isFenced: false)], partitions = [], controller = null)
2026-07-27 09:36:01.160 INFO  [kafka-admin-client-thread | USER-SERVICE-admin-0] [traceId=, spanId=] o.a.k.c.a.i.AdminMetadataManager - [AdminClient clientId=USER-SERVICE-admin-0] Rebootstrapping with Cluster(id = null, nodes = [localhost:9092 (id: -1 rack: null isFenced: false)], partitions = [], controller = null)
2026-07-27 09:36:01.160 INFO  [kafka-admin-client-thread | USER-SERVICE-admin-0] [traceId=, spanId=] o.a.k.c.a.i.AdminMetadataManager - [AdminClient clientId=USER-SERVICE-admin-0] Rebootstrapping with Cluster(id = null, nodes = [localhost:9092 (id: -1 rack: null isFenced: false)], partitions = [], controller = null)
2026-07-27 09:36:01.160 INFO  [kafka-admin-client-thread | USER-SERVICE-admin-0] [traceId=, spanId=] o.a.k.c.a.i.AdminMetadataManager - [AdminClient clientId=USER-SERVICE-admin-0] Rebootstrapping with Cluster(id = null, nodes = [localhost:9092 (id: -1 rack: null isFenced: false)], partitions = [], controller = null)
2026-07-27 09:36:01.160 INFO  [kafka-admin-client-thread | USER-SERVICE-admin-0] [traceId=, spanId=] o.a.k.c.a.i.AdminMetadataManager - [AdminClient clientId=USER-SERVICE-admin-0] Rebootstrapping with Cluster(id = null, nodes = [localhost:9092 (id: -1 rack: null isFenced: false)], partitions = [], controller = null)
2026-07-27 09:36:01.161 INFO  [kafka-admin-client-thread | USER-SERVICE-admin-0] [traceId=, spanId=] o.a.k.c.a.i.AdminMetadataManager - [AdminClient clientId=USER-SERVICE-admin-0] Rebootstrapping with Cluster(id = null, nodes = [localhost:9092 (id: -1 rack: null isFenced: false)], partitions = [], controller = null)
2026-07-27 09:36:01.165 INFO  [kafka-admin-client-thread | USER-SERVICE-admin-0] [traceId=, spanId=] o.a.k.c.a.i.AdminMetadataManager - [AdminClient clientId=USER-SERVICE-admin-0] Rebootstrapping with Cluster(id = null, nodes = [localhost:9092 (id: -1 rack: null isFenced: false)], partitions = [], controller = null)
2026-07-27 09:36:01.165 INFO  [kafka-admin-client-thread | USER-SERVICE-admin-0] [traceId=, spanId=] o.a.k.c.a.i.AdminMetadataManager - [AdminClient clientId=USER-SERVICE-admin-0] Rebootstrapping with Cluster(id = null, nodes = [localhost:9092 (id: -1 rack: null isFenced: false)], partitions = [], controller = null)
2026-07-27 09:36:01.166 INFO  [kafka-admin-client-thread | USER-SERVICE-admin-0] [traceId=, spanId=] o.a.k.c.a.i.AdminMetadataManager - [AdminClient clientId=USER-SERVICE-admin-0] Rebootstrapping with Cluster(id = null, nodes = [localhost:9092 (id: -1 rack: null isFenced: false)], partitions = [], controller = null)
2026-07-27 09:36:01.169 INFO  [kafka-admin-client-thread | USER-SERVICE-admin-0] [traceId=, spanId=] o.a.k.c.a.i.AdminMetadataManager - [AdminClient clientId=USER-SERVICE-admin-0] Rebootstrapping with Cluster(id = null, nodes = [localhost:9092 (id: -1 rack: null isFenced: false)], partitions = [], controller = null)
2026-07-27 09:36:01.171 INFO  [kafka-admin-client-thread | USER-SERVICE-admin-0] [traceId=, spanId=] o.a.k.c.a.i.AdminMetadataManager - [AdminClient clientId=USER-SERVICE-admin-0] Rebootstrapping with Cluster(id = null, nodes = [localhost:9092 (id: -1 rack: null isFenced: false)], partitions = [], controller = null)
2026-07-27 09:36:01.173 INFO  [kafka-admin-client-thread | USER-SERVICE-admin-0] [traceId=, spanId=] o.a.k.c.a.i.AdminMetadataManager - [AdminClient clientId=USER-SERVICE-admin-0] Rebootstrapping with Cluster(id = null, nodes = [localhost:9092 (id: -1 rack: null isFenced: false)], partitions = [], controller = null)
2026-07-27 09:36:01.173 INFO  [kafka-admin-client-thread | USER-SERVICE-admin-0] [traceId=, spanId=] o.a.k.c.a.i.AdminMetadataManager - [AdminClient clientId=USER-SERVICE-admin-0] Rebootstrapping with Cluster(id = null, nodes = [localhost:9092 (id: -1 rack: null isFenced: false)], partitions = [], controller = null)
2026-07-27 09:36:01.174 INFO  [kafka-admin-client-thread | USER-SERVICE-admin-0] [traceId=, spanId=] o.a.k.c.a.i.AdminMetadataManager - [AdminClient clientId=USER-SERVICE-admin-0] Rebootstrapping with Cluster(id = null, nodes = [localhost:9092 (id: -1 rack: null isFenced: false)], partitions = [], controller = null)
2026-07-27 09:36:01.174 INFO  [kafka-admin-client-thread | USER-SERVICE-admin-0] [traceId=, spanId=] o.a.k.c.a.i.AdminMetadataManager - [AdminClient clientId=USER-SERVICE-admin-0] Rebootstrapping with Cluster(id = null, nodes = [localhost:9092 (id: -1 rack: null isFenced: false)], partitions = [], controller = null)
2026-07-27 09:36:01.278 INFO  [kafka-admin-client-thread | USER-SERVICE-admin-0] [traceId=, spanId=] o.a.k.c.a.i.AdminMetadataManager - [AdminClient clientId=USER-SERVICE-admin-0] Rebootstrapping with Cluster(id = null, nodes = [localhost:9092 (id: -1 rack: null isFenced: false)], partitions = [], controller = null)
2026-07-27 09:36:01.279 INFO  [kafka-admin-client-thread | USER-SERVICE-admin-0] [traceId=, spanId=] o.a.k.c.a.i.AdminMetadataManager - [AdminClient clientId=USER-SERVICE-admin-0] Rebootstrapping with Cluster(id = null, nodes = [localhost:9092 (id: -1 rack: null isFenced: false)], partitions = [], controller = null)
2026-07-27 09:36:01.279 INFO  [kafka-admin-client-thread | USER-SERVICE-admin-0] [traceId=, spanId=] o.a.k.c.a.i.AdminMetadataManager - [AdminClient clientId=USER-SERVICE-admin-0] Rebootstrapping with Cluster(id = null, nodes = [localhost:9092 (id: -1 rack: null isFenced: false)], partitions = [], controller = null)
2026-07-27 09:36:01.279 INFO  [kafka-admin-client-thread | USER-SERVICE-admin-0] [traceId=, spanId=] o.a.k.c.a.i.AdminMetadataManager - [AdminClient clientId=USER-SERVICE-admin-0] Rebootstrapping with Cluster(id = null, nodes = [localhost:9092 (id: -1 rack: null isFenced: false)], partitions = [], controller = null)
2026-07-27 09:36:01.279 INFO  [kafka-admin-client-thread | USER-SERVICE-admin-0] [traceId=, spanId=] o.a.k.c.a.i.AdminMetadataManager - [AdminClient clientId=USER-SERVICE-admin-0] Rebootstrapping with Cluster(id = null, nodes = [localhost:9092 (id: -1 rack: null isFenced: false)], partitions = [], controller = null)
2026-07-27 09:36:01.280 INFO  [kafka-admin-client-thread | USER-SERVICE-admin-0] [traceId=, spanId=] o.a.k.c.a.i.AdminMetadataManager - [AdminClient clientId=USER-SERVICE-admin-0] Rebootstrapping with Cluster(id = null, nodes = [localhost:9092 (id: -1 rack: null isFenced: false)], partitions = [], controller = null)
2026-07-27 09:36:01.280 INFO  [kafka-admin-client-thread | USER-SERVICE-admin-0] [traceId=, spanId=] o.a.k.c.a.i.AdminMetadataManager - [AdminClient clientId=USER-SERVICE-admin-0] Rebootstrapping with Cluster(id = null, nodes = [localhost:9092 (id: -1 rack: null isFenced: false)], partitions = [], controller = null)
2026-07-27 09:36:01.280 INFO  [kafka-admin-client-thread | USER-SERVICE-admin-0] [traceId=, spanId=] o.a.k.c.a.i.AdminMetadataManager - [AdminClient clientId=USER-SERVICE-admin-0] Rebootstrapping with Cluster(id = null, nodes = [localhost:9092 (id: -1 rack: null isFenced: false)], partitions = [], controller = null)
2026-07-27 09:36:01.280 INFO  [kafka-admin-client-thread | USER-SERVICE-admin-0] [traceId=, spanId=] o.a.k.c.a.i.AdminMetadataManager - [AdminClient clientId=USER-SERVICE-admin-0] Rebootstrapping with Cluster(id = null, nodes = [localhost:9092 (id: -1 rack: null isFenced: false)], partitions = [], controller = null)
2026-07-27 09:36:01.292 INFO  [kafka-admin-client-thread | USER-SERVICE-admin-0] [traceId=, spanId=] o.a.k.c.a.i.AdminMetadataManager - [AdminClient clientId=USER-SERVICE-admin-0] Rebootstrapping with Cluster(id = null, nodes = [localhost:9092 (id: -1 rack: null isFenced: false)], partitions = [], controller = null)
2026-07-27 09:36:01.293 INFO  [kafka-admin-client-thread | USER-SERVICE-admin-0] [traceId=, spanId=] o.a.k.c.a.i.AdminMetadataManager - [AdminClient clientId=USER-SERVICE-admin-0] Rebootstrapping with Cluster(id = null, nodes = [localhost:9092 (id: -1 rack: null isFenced: false)], partitions = [], controller = null)
2026-07-27 09:36:01.293 INFO  [kafka-admin-client-thread | USER-SERVICE-admin-0] [traceId=, spanId=] o.a.k.c.a.i.AdminMetadataManager - [AdminClient clientId=USER-SERVICE-admin-0] Rebootstrapping with Cluster(id = null, nodes = [localhost:9092 (id: -1 rack: null isFenced: false)], partitions = [], controller = null)
2026-07-27 09:36:01.293 INFO  [kafka-admin-client-thread | USER-SERVICE-admin-0] [traceId=, spanId=] o.a.k.c.a.i.AdminMetadataManager - [AdminClient clientId=USER-SERVICE-admin-0] Rebootstrapping with Cluster(id = null, nodes = [localhost:9092 (id: -1 rack: null isFenced: false)], partitions = [], controller = null)
2026-07-27 09:36:01.294 INFO  [kafka-admin-client-thread | USER-SERVICE-admin-0] [traceId=, spanId=] o.a.k.c.a.i.AdminMetadataManager - [AdminClient clientId=USER-SERVICE-admin-0] Rebootstrapping with Cluster(id = null, nodes = [localhost:9092 (id: -1 rack: null isFenced: false)], partitions = [], controller = null)
2026-07-27 09:36:01.294 INFO  [kafka-admin-client-thread | USER-SERVICE-admin-0] [traceId=, spanId=] o.a.k.c.a.i.AdminMetadataManager - [AdminClient clientId=USER-SERVICE-admin-0] Rebootstrapping with Cluster(id = null, nodes = [localhost:9092 (id: -1 rack: null isFenced: false)], partitions = [], controller = null)
2026-07-27 09:36:01.294 INFO  [kafka-admin-client-thread | USER-SERVICE-admin-0] [traceId=, spanId=] o.a.k.c.a.i.AdminMetadataManager - [AdminClient clientId=USER-SERVICE-admin-0] Rebootstrapping with Cluster(id = null, nodes = [localhost:9092 (id: -1 rack: null isFenced: false)], partitions = [], controller = null)
2026-07-27 09:36:01.294 INFO  [kafka-admin-client-thread | USER-SERVICE-admin-0] [traceId=, spanId=] o.a.k.c.a.i.AdminMetadataManager - [AdminClient clientId=USER-SERVICE-admin-0] Rebootstrapping with Cluster(id = null, nodes = [localhost:9092 (id: -1 rack: null isFenced: false)], partitions = [], controller = null)
2026-07-27 09:36:01.415 INFO  [kafka-admin-client-thread | USER-SERVICE-admin-0] [traceId=, spanId=] o.apache.kafka.clients.NetworkClient - [AdminClient clientId=USER-SERVICE-admin-0] Node -1 disconnected.
2026-07-27 09:36:01.429 WARN  [kafka-admin-client-thread | USER-SERVICE-admin-0] [traceId=, spanId=] o.apache.kafka.clients.NetworkClient - [AdminClient clientId=USER-SERVICE-admin-0] Connection to node -1 (localhost/127.0.0.1:9092) could not be established. Node may not be available.
2026-07-27 09:36:01.429 INFO  [kafka-admin-client-thread | USER-SERVICE-admin-0] [traceId=, spanId=] o.a.k.c.a.i.AdminMetadataManager - [AdminClient clientId=USER-SERVICE-admin-0] Rebootstrapping with Cluster(id = null, nodes = [localhost:9092 (id: -1 rack: null isFenced: false)], partitions = [], controller = null)
2026-07-27 09:36:01.430 INFO  [kafka-admin-client-thread | USER-SERVICE-admin-0] [traceId=, spanId=] o.a.k.c.a.i.AdminMetadataManager - [AdminClient clientId=USER-SERVICE-admin-0] Rebootstrapping with Cluster(id = null, nodes = [localhost:9092 (id: -1 rack: null isFenced: false)], partitions = [], controller = null)
2026-07-27 09:36:01.430 INFO  [kafka-admin-client-thread | USER-SERVICE-admin-0] [traceId=, spanId=] o.a.k.c.a.i.AdminMetadataManager - [AdminClient clientId=USER-SERVICE-admin-0] Rebootstrapping with Cluster(id = null, nodes = [localhost:9092 (id: -1 rack: null isFenced: false)], partitions = [], controller = null)
2026-07-27 09:36:01.431 INFO  [kafka-admin-client-thread | USER-SERVICE-admin-0] [traceId=, spanId=] o.a.k.c.a.i.AdminMetadataManager - [AdminClient clientId=USER-SERVICE-admin-0] Rebootstrapping with Cluster(id = null, nodes = [localhost:9092 (id: -1 rack: null isFenced: false)], partitions = [], controller = null)
2026-07-27 09:36:01.437 INFO  [kafka-admin-client-thread | USER-SERVICE-admin-0] [traceId=, spanId=] o.a.k.c.a.i.AdminMetadataManager - [AdminClient clientId=USER-SERVICE-admin-0] Rebootstrapping with Cluster(id = null, nodes = [localhost:9092 (id: -1 rack: null isFenced: false)], partitions = [], controller = null)
2026-07-27 09:36:01.437 INFO  [kafka-admin-client-thread | USER-SERVICE-admin-0] [traceId=, spanId=] o.a.k.c.a.i.AdminMetadataManager - [AdminClient clientId=USER-SERVICE-admin-0] Rebootstrapping with Cluster(id = null, nodes = [localhost:9092 (id: -1 rack: null isFenced: false)], partitions = [], controller = null)
2026-07-27 09:36:01.438 INFO  [kafka-admin-client-thread | USER-SERVICE-admin-0] [traceId=, spanId=] o.a.k.c.a.i.AdminMetadataManager - [AdminClient clientId=USER-SERVICE-admin-0] Rebootstrapping with Cluster(id = null, nodes = [localhost:9092 (id: -1 rack: null isFenced: false)], partitions = [], controller = null)
2026-07-27 09:36:01.438 INFO  [kafka-admin-client-thread | USER-SERVICE-admin-0] [traceId=, spanId=] o.a.k.c.a.i.AdminMetadataManager - [AdminClient clientId=USER-SERVICE-admin-0] Rebootstrapping with Cluster(id = null, nodes = [localhost:9092 (id: -1 rack: null isFenced: false)], partitions = [], controller = null)
2026-07-27 09:36:01.438 INFO  [kafka-admin-client-thread | USER-SERVICE-admin-0] [traceId=, spanId=] o.a.k.c.a.i.AdminMetadataManager - [AdminClient clientId=USER-SERVICE-admin-0] Rebootstrapping with Cluster(id = null, nodes = [localhost:9092 (id: -1 rack: null isFenced: false)], partitions = [], controller = null)
2026-07-27 09:36:01.438 INFO  [kafka-admin-client-thread | USER-SERVICE-admin-0] [traceId=, spanId=] o.a.k.c.a.i.AdminMetadataManager - [AdminClient clientId=USER-SERVICE-admin-0] Rebootstrapping with Cluster(id = null, nodes = [localhost:9092 (id: -1 rack: null isFenced: false)], partitions = [], controller = null)
2026-07-27 09:36:01.439 INFO  [kafka-admin-client-thread | USER-SERVICE-admin-0] [traceId=, spanId=] o.a.k.c.a.i.AdminMetadataManager - [AdminClient clientId=USER-SERVICE-admin-0] Rebootstrapping with Cluster(id = null, nodes = [localhost:9092 (id: -1 rack: null isFenced: false)], partitions = [], controller = null)
2026-07-27 09:36:01.439 INFO  [kafka-admin-client-thread | USER-SERVICE-admin-0] [traceId=, spanId=] o.a.k.c.a.i.AdminMetadataManager - [AdminClient clientId=USER-SERVICE-admin-0] Rebootstrapping with Cluster(id = null, nodes = [localhost:9092 (id: -1 rack: null isFenced: false)], partitions = [], controller = null)
2026-07-27 09:36:01.439 INFO  [kafka-admin-client-thread | USER-SERVICE-admin-0] [traceId=, spanId=] o.a.k.c.a.i.AdminMetadataManager - [AdminClient clientId=USER-SERVICE-admin-0] Rebootstrapping with Cluster(id = null, nodes = [localhost:9092 (id: -1 rack: null isFenced: false)], partitions = [], controller = null)
2026-07-27 09:36:01.445 INFO  [kafka-admin-client-thread | USER-SERVICE-admin-0] [traceId=, spanId=] o.a.k.c.a.i.AdminMetadataManager - [AdminClient clientId=USER-SERVICE-admin-0] Rebootstrapping with Cluster(id = null, nodes = [localhost:9092 (id: -1 rack: null isFenced: false)], partitions = [], controller = null)
2026-07-27 09:36:01.446 INFO  [kafka-admin-client-thread | USER-SERVICE-admin-0] [traceId=, spanId=] o.a.k.c.a.i.AdminMetadataManager - [AdminClient clientId=USER-SERVICE-admin-0] Rebootstrapping with Cluster(id = null, nodes = [localhost:9092 (id: -1 rack: null isFenced: false)], partitions = [], controller = null)
2026-07-27 09:36:01.446 INFO  [kafka-admin-client-thread | USER-SERVICE-admin-0] [traceId=, spanId=] o.a.k.c.a.i.AdminMetadataManager - [AdminClient clientId=USER-SERVICE-admin-0] Rebootstrapping with Cluster(id = null, nodes = [localhost:9092 (id: -1 rack: null isFenced: false)], partitions = [], controller = null)
2026-07-27 09:36:01.446 INFO  [kafka-admin-client-thread | USER-SERVICE-admin-0] [traceId=, spanId=] o.a.k.c.a.i.AdminMetadataManager - [AdminClient clientId=USER-SERVICE-admin-0] Rebootstrapping with Cluster(id = null, nodes = [localhost:9092 (id: -1 rack: null isFenced: false)], partitions = [], controller = null)
2026-07-27 09:36:01.447 INFO  [kafka-admin-client-thread | USER-SERVICE-admin-0] [traceId=, spanId=] o.a.k.c.a.i.AdminMetadataManager - [AdminClient clientId=USER-SERVICE-admin-0] Rebootstrapping with Cluster(id = null, nodes = [localhost:9092 (id: -1 rack: null isFenced: false)], partitions = [], controller = null)
2026-07-27 09:36:01.533 INFO  [kafka-admin-client-thread | USER-SERVICE-admin-0] [traceId=, spanId=] o.a.k.c.a.i.AdminMetadataManager - [AdminClient clientId=USER-SERVICE-admin-0] Rebootstrapping with Cluster(id = null, nodes = [localhost:9092 (id: -1 rack: null isFenced: false)], partitions = [], controller = null)
2026-07-27 09:36:01.534 INFO  [kafka-admin-client-thread | USER-SERVICE-admin-0] [traceId=, spanId=] o.a.k.c.a.i.AdminMetadataManager - [AdminClient clientId=USER-SERVICE-admin-0] Rebootstrapping with Cluster(id = null, nodes = [localhost:9092 (id: -1 rack: null isFenced: false)], partitions = [], controller = null)
2026-07-27 09:36:01.534 INFO  [kafka-admin-client-thread | USER-SERVICE-admin-0] [traceId=, spanId=] o.a.k.c.a.i.AdminMetadataManager - [AdminClient clientId=USER-SERVICE-admin-0] Rebootstrapping with Cluster(id = null, nodes = [localhost:9092 (id: -1 rack: null isFenced: false)], partitions = [], controller = null)
2026-07-27 09:36:01.535 INFO  [kafka-admin-client-thread | USER-SERVICE-admin-0] [traceId=, spanId=] o.a.k.c.a.i.AdminMetadataManager - [AdminClient clientId=USER-SERVICE-admin-0] Rebootstrapping with Cluster(id = null, nodes = [localhost:9092 (id: -1 rack: null isFenced: false)], partitions = [], controller = null)
2026-07-27 09:36:01.535 INFO  [kafka-admin-client-thread | USER-SERVICE-admin-0] [traceId=, spanId=] o.a.k.c.a.i.AdminMetadataManager - [AdminClient clientId=USER-SERVICE-admin-0] Rebootstrapping with Cluster(id = null, nodes = [localhost:9092 (id: -1 rack: null isFenced: false)], partitions = [], controller = null)
2026-07-27 09:36:01.539 INFO  [kafka-admin-client-thread | USER-SERVICE-admin-0] [traceId=, spanId=] o.a.k.c.a.i.AdminMetadataManager - [AdminClient clientId=USER-SERVICE-admin-0] Rebootstrapping with Cluster(id = null, nodes = [localhost:9092 (id: -1 rack: null isFenced: false)], partitions = [], controller = null)
2026-07-27 09:36:01.539 INFO  [kafka-admin-client-thread | USER-SERVICE-admin-0] [traceId=, spanId=] o.a.k.c.a.i.AdminMetadataManager - [AdminClient clientId=USER-SERVICE-admin-0] Rebootstrapping with Cluster(id = null, nodes = [localhost:9092 (id: -1 rack: null isFenced: false)], partitions = [], controller = null)
2026-07-27 09:36:01.540 INFO  [kafka-admin-client-thread | USER-SERVICE-admin-0] [traceId=, spanId=] o.a.k.c.a.i.AdminMetadataManager - [AdminClient clientId=USER-SERVICE-admin-0] Rebootstrapping with Cluster(id = null, nodes = [localhost:9092 (id: -1 rack: null isFenced: false)], partitions = [], controller = null)
2026-07-27 09:36:01.543 INFO  [kafka-admin-client-thread | USER-SERVICE-admin-0] [traceId=, spanId=] o.a.k.c.a.i.AdminMetadataManager - [AdminClient clientId=USER-SERVICE-admin-0] Rebootstrapping with Cluster(id = null, nodes = [localhost:9092 (id: -1 rack: null isFenced: false)], partitions = [], controller = null)
2026-07-27 09:36:01.544 INFO  [kafka-admin-client-thread | USER-SERVICE-admin-0] [traceId=, spanId=] o.a.k.c.a.i.AdminMetadataManager - [AdminClient clientId=USER-SERVICE-admin-0] Rebootstrapping with Cluster(id = null, nodes = [localhost:9092 (id: -1 rack: null isFenced: false)], partitions = [], controller = null)
2026-07-27 09:36:01.544 INFO  [kafka-admin-client-thread | USER-SERVICE-admin-0] [traceId=, spanId=] o.a.k.c.a.i.AdminMetadataManager - [AdminClient clientId=USER-SERVICE-admin-0] Rebootstrapping with Cluster(id = null, nodes = [localhost:9092 (id: -1 rack: null isFenced: false)], partitions = [], controller = null)
2026-07-27 09:36:01.545 INFO  [kafka-admin-client-thread | USER-SERVICE-admin-0] [traceId=, spanId=] o.a.k.c.a.i.AdminMetadataManager - [AdminClient clientId=USER-SERVICE-admin-0] Rebootstrapping with Cluster(id = null, nodes = [localhost:9092 (id: -1 rack: null isFenced: false)], partitions = [], controller = null)
2026-07-27 09:36:01.546 INFO  [kafka-admin-client-thread | USER-SERVICE-admin-0] [traceId=, spanId=] o.a.k.c.a.i.AdminMetadataManager - [AdminClient clientId=USER-SERVICE-admin-0] Rebootstrapping with Cluster(id = null, nodes = [localhost:9092 (id: -1 rack: null isFenced: false)], partitions = [], controller = null)
2026-07-27 09:36:01.549 INFO  [kafka-admin-client-thread | USER-SERVICE-admin-0] [traceId=, spanId=] o.a.k.c.a.i.AdminMetadataManager - [AdminClient clientId=USER-SERVICE-admin-0] Rebootstrapping with Cluster(id = null, nodes = [localhost:9092 (id: -1 rack: null isFenced: false)], partitions = [], controller = null)
2026-07-27 09:36:01.549 INFO  [kafka-admin-client-thread | USER-SERVICE-admin-0] [traceId=, spanId=] o.a.k.c.a.i.AdminMetadataManager - [AdminClient clientId=USER-SERVICE-admin-0] Rebootstrapping with Cluster(id = null, nodes = [localhost:9092 (id: -1 rack: null isFenced: false)], partitions = [], controller = null)
2026-07-27 09:36:01.550 INFO  [kafka-admin-client-thread | USER-SERVICE-admin-0] [traceId=, spanId=] o.a.k.c.a.i.AdminMetadataManager - [AdminClient clientId=USER-SERVICE-admin-0] Rebootstrapping with Cluster(id = null, nodes = [localhost:9092 (id: -1 rack: null isFenced: false)], partitions = [], controller = null)
2026-07-27 09:36:01.550 INFO  [kafka-admin-client-thread | USER-SERVICE-admin-0] [traceId=, spanId=] o.a.k.c.a.i.AdminMetadataManager - [AdminClient clientId=USER-SERVICE-admin-0] Rebootstrapping with Cluster(id = null, nodes = [localhost:9092 (id: -1 rack: null isFenced: false)], partitions = [], controller = null)
2026-07-27 09:36:01.550 INFO  [kafka-admin-client-thread | USER-SERVICE-admin-0] [traceId=, spanId=] o.a.k.c.a.i.AdminMetadataManager - [AdminClient clientId=USER-SERVICE-admin-0] Rebootstrapping with Cluster(id = null, nodes = [localhost:9092 (id: -1 rack: null isFenced: false)], partitions = [], controller = null)
2026-07-27 09:36:01.551 INFO  [kafka-admin-client-thread | USER-SERVICE-admin-0] [traceId=, spanId=] o.a.k.c.a.i.AdminMetadataManager - [AdminClient clientId=USER-SERVICE-admin-0] Rebootstrapping with Cluster(id = null, nodes = [localhost:9092 (id: -1 rack: null isFenced: false)], partitions = [], controller = null)
2026-07-27 09:36:01.653 INFO  [kafka-admin-client-thread | USER-SERVICE-admin-0] [traceId=, spanId=] o.a.k.c.a.i.AdminMetadataManager - [AdminClient clientId=USER-SERVICE-admin-0] Rebootstrapping with Cluster(id = null, nodes = [localhost:9092 (id: -1 rack: null isFenced: false)], partitions = [], controller = null)
2026-07-27 09:36:01.653 INFO  [kafka-admin-client-thread | USER-SERVICE-admin-0] [traceId=, spanId=] o.a.k.c.a.i.AdminMetadataManager - [AdminClient clientId=USER-SERVICE-admin-0] Rebootstrapping with Cluster(id = null, nodes = [localhost:9092 (id: -1 rack: null isFenced: false)], partitions = [], controller = null)
2026-07-27 09:36:01.656 INFO  [kafka-admin-client-thread | USER-SERVICE-admin-0] [traceId=, spanId=] o.a.k.c.a.i.AdminMetadataManager - [AdminClient clientId=USER-SERVICE-admin-0] Rebootstrapping with Cluster(id = null, nodes = [localhost:9092 (id: -1 rack: null isFenced: false)], partitions = [], controller = null)
2026-07-27 09:36:01.656 INFO  [kafka-admin-client-thread | USER-SERVICE-admin-0] [traceId=, spanId=] o.a.k.c.a.i.AdminMetadataManager - [AdminClient clientId=USER-SERVICE-admin-0] Rebootstrapping with Cluster(id = null, nodes = [localhost:9092 (id: -1 rack: null isFenced: false)], partitions = [], controller = null)
2026-07-27 09:36:01.657 INFO  [kafka-admin-client-thread | USER-SERVICE-admin-0] [traceId=, spanId=] o.a.k.c.a.i.AdminMetadataManager - [AdminClient clientId=USER-SERVICE-admin-0] Rebootstrapping with Cluster(id = null, nodes = [localhost:9092 (id: -1 rack: null isFenced: false)], partitions = [], controller = null)
2026-07-27 09:36:01.657 INFO  [kafka-admin-client-thread | USER-SERVICE-admin-0] [traceId=, spanId=] o.a.k.c.a.i.AdminMetadataManager - [AdminClient clientId=USER-SERVICE-admin-0] Rebootstrapping with Cluster(id = null, nodes = [localhost:9092 (id: -1 rack: null isFenced: false)], partitions = [], controller = null)
2026-07-27 09:36:01.657 INFO  [kafka-admin-client-thread | USER-SERVICE-admin-0] [traceId=, spanId=] o.a.k.c.a.i.AdminMetadataManager - [AdminClient clientId=USER-SERVICE-admin-0] Rebootstrapping with Cluster(id = null, nodes = [localhost:9092 (id: -1 rack: null isFenced: false)], partitions = [], controller = null)
2026-07-27 09:36:01.657 INFO  [kafka-admin-client-thread | USER-SERVICE-admin-0] [traceId=, spanId=] o.a.k.c.a.i.AdminMetadataManager - [AdminClient clientId=USER-SERVICE-admin-0] Rebootstrapping with Cluster(id = null, nodes = [localhost:9092 (id: -1 rack: null isFenced: false)], partitions = [], controller = null)
2026-07-27 09:36:01.658 INFO  [kafka-admin-client-thread | USER-SERVICE-admin-0] [traceId=, spanId=] o.a.k.c.a.i.AdminMetadataManager - [AdminClient clientId=USER-SERVICE-admin-0] Rebootstrapping with Cluster(id = null, nodes = [localhost:9092 (id: -1 rack: null isFenced: false)], partitions = [], controller = null)
2026-07-27 09:36:01.658 INFO  [kafka-admin-client-thread | USER-SERVICE-admin-0] [traceId=, spanId=] o.a.k.c.a.i.AdminMetadataManager - [AdminClient clientId=USER-SERVICE-admin-0] Rebootstrapping with Cluster(id = null, nodes = [localhost:9092 (id: -1 rack: null isFenced: false)], partitions = [], controller = null)
2026-07-27 09:36:01.658 INFO  [kafka-admin-client-thread | USER-SERVICE-admin-0] [traceId=, spanId=] o.a.k.c.a.i.AdminMetadataManager - [AdminClient clientId=USER-SERVICE-admin-0] Rebootstrapping with Cluster(id = null, nodes = [localhost:9092 (id: -1 rack: null isFenced: false)], partitions = [], controller = null)
2026-07-27 09:36:01.659 INFO  [kafka-admin-client-thread | USER-SERVICE-admin-0] [traceId=, spanId=] o.a.k.c.a.i.AdminMetadataManager - [AdminClient clientId=USER-SERVICE-admin-0] Rebootstrapping with Cluster(id = null, nodes = [localhost:9092 (id: -1 rack: null isFenced: false)], partitions = [], controller = null)
2026-07-27 09:36:01.659 INFO  [kafka-admin-client-thread | USER-SERVICE-admin-0] [traceId=, spanId=] o.a.k.c.a.i.AdminMetadataManager - [AdminClient clientId=USER-SERVICE-admin-0] Rebootstrapping with Cluster(id = null, nodes = [localhost:9092 (id: -1 rack: null isFenced: false)], partitions = [], controller = null)
2026-07-27 09:36:01.659 INFO  [kafka-admin-client-thread | USER-SERVICE-admin-0] [traceId=, spanId=] o.a.k.c.a.i.AdminMetadataManager - [AdminClient clientId=USER-SERVICE-admin-0] Rebootstrapping with Cluster(id = null, nodes = [localhost:9092 (id: -1 rack: null isFenced: false)], partitions = [], controller = null)
2026-07-27 09:36:01.659 INFO  [kafka-admin-client-thread | USER-SERVICE-admin-0] [traceId=, spanId=] o.a.k.c.a.i.AdminMetadataManager - [AdminClient clientId=USER-SERVICE-admin-0] Rebootstrapping with Cluster(id = null, nodes = [localhost:9092 (id: -1 rack: null isFenced: false)], partitions = [], controller = null)
2026-07-27 09:36:01.660 INFO  [kafka-admin-client-thread | USER-SERVICE-admin-0] [traceId=, spanId=] o.a.k.c.a.i.AdminMetadataManager - [AdminClient clientId=USER-SERVICE-admin-0] Rebootstrapping with Cluster(id = null, nodes = [localhost:9092 (id: -1 rack: null isFenced: false)], partitions = [], controller = null)
2026-07-27 09:36:01.660 INFO  [kafka-admin-client-thread | USER-SERVICE-admin-0] [traceId=, spanId=] o.a.k.c.a.i.AdminMetadataManager - [AdminClient clientId=USER-SERVICE-admin-0] Rebootstrapping with Cluster(id = null, nodes = [localhost:9092 (id: -1 rack: null isFenced: false)], partitions = [], controller = null)
2026-07-27 09:36:01.660 INFO  [kafka-admin-client-thread | USER-SERVICE-admin-0] [traceId=, spanId=] o.a.k.c.a.i.AdminMetadataManager - [AdminClient clientId=USER-SERVICE-admin-0] Rebootstrapping with Cluster(id = null, nodes = [localhost:9092 (id: -1 rack: null isFenced: false)], partitions = [], controller = null)
2026-07-27 09:36:01.661 INFO  [kafka-admin-client-thread | USER-SERVICE-admin-0] [traceId=, spanId=] o.a.k.c.a.i.AdminMetadataManager - [AdminClient clientId=USER-SERVICE-admin-0] Rebootstrapping with Cluster(id = null, nodes = [localhost:9092 (id: -1 rack: null isFenced: false)], partitions = [], controller = null)
2026-07-27 09:36:01.661 INFO  [kafka-admin-client-thread | USER-SERVICE-admin-0] [traceId=, spanId=] o.a.k.c.a.i.AdminMetadataManager - [AdminClient clientId=USER-SERVICE-admin-0] Rebootstrapping with Cluster(id = null, nodes = [localhost:9092 (id: -1 rack: null isFenced: false)], partitions = [], controller = null)
2026-07-27 09:36:01.766 INFO  [kafka-admin-client-thread | USER-SERVICE-admin-0] [traceId=, spanId=] o.a.k.c.a.i.AdminMetadataManager - [AdminClient clientId=USER-SERVICE-admin-0] Rebootstrapping with Cluster(id = null, nodes = [localhost:9092 (id: -1 rack: null isFenced: false)], partitions = [], controller = null)
2026-07-27 09:36:01.767 INFO  [kafka-admin-client-thread | USER-SERVICE-admin-0] [traceId=, spanId=] o.a.k.c.a.i.AdminMetadataManager - [AdminClient clientId=USER-SERVICE-admin-0] Rebootstrapping with Cluster(id = null, nodes = [localhost:9092 (id: -1 rack: null isFenced: false)], partitions = [], controller = null)
2026-07-27 09:36:01.768 INFO  [kafka-admin-client-thread | USER-SERVICE-admin-0] [traceId=, spanId=] o.a.k.c.a.i.AdminMetadataManager - [AdminClient clientId=USER-SERVICE-admin-0] Rebootstrapping with Cluster(id = null, nodes = [localhost:9092 (id: -1 rack: null isFenced: false)], partitions = [], controller = null)
2026-07-27 09:36:01.768 INFO  [kafka-admin-client-thread | USER-SERVICE-admin-0] [traceId=, spanId=] o.a.k.c.a.i.AdminMetadataManager - [AdminClient clientId=USER-SERVICE-admin-0] Rebootstrapping with Cluster(id = null, nodes = [localhost:9092 (id: -1 rack: null isFenced: false)], partitions = [], controller = null)
2026-07-27 09:36:01.768 INFO  [kafka-admin-client-thread | USER-SERVICE-admin-0] [traceId=, spanId=] o.a.k.c.a.i.AdminMetadataManager - [AdminClient clientId=USER-SERVICE-admin-0] Rebootstrapping with Cluster(id = null, nodes = [localhost:9092 (id: -1 rack: null isFenced: false)], partitions = [], controller = null)
2026-07-27 09:36:01.769 INFO  [kafka-admin-client-thread | USER-SERVICE-admin-0] [traceId=, spanId=] o.a.k.c.a.i.AdminMetadataManager - [AdminClient clientId=USER-SERVICE-admin-0] Rebootstrapping with Cluster(id = null, nodes = [localhost:9092 (id: -1 rack: null isFenced: false)], partitions = [], controller = null)
2026-07-27 09:36:01.781 INFO  [kafka-admin-client-thread | USER-SERVICE-admin-0] [traceId=, spanId=] o.a.k.c.a.i.AdminMetadataManager - [AdminClient clientId=USER-SERVICE-admin-0] Rebootstrapping with Cluster(id = null, nodes = [localhost:9092 (id: -1 rack: null isFenced: false)], partitions = [], controller = null)
2026-07-27 09:36:01.781 INFO  [kafka-admin-client-thread | USER-SERVICE-admin-0] [traceId=, spanId=] o.a.k.c.a.i.AdminMetadataManager - [AdminClient clientId=USER-SERVICE-admin-0] Rebootstrapping with Cluster(id = null, nodes = [localhost:9092 (id: -1 rack: null isFenced: false)], partitions = [], controller = null)
2026-07-27 09:36:01.781 INFO  [kafka-admin-client-thread | USER-SERVICE-admin-0] [traceId=, spanId=] o.a.k.c.a.i.AdminMetadataManager - [AdminClient clientId=USER-SERVICE-admin-0] Rebootstrapping with Cluster(id = null, nodes = [localhost:9092 (id: -1 rack: null isFenced: false)], partitions = [], controller = null)
2026-07-27 09:36:01.782 INFO  [kafka-admin-client-thread | USER-SERVICE-admin-0] [traceId=, spanId=] o.a.k.c.a.i.AdminMetadataManager - [AdminClient clientId=USER-SERVICE-admin-0] Rebootstrapping with Cluster(id = null, nodes = [localhost:9092 (id: -1 rack: null isFenced: false)], partitions = [], controller = null)
2026-07-27 09:36:01.782 INFO  [kafka-admin-client-thread | USER-SERVICE-admin-0] [traceId=, spanId=] o.a.k.c.a.i.AdminMetadataManager - [AdminClient clientId=USER-SERVICE-admin-0] Rebootstrapping with Cluster(id = null, nodes = [localhost:9092 (id: -1 rack: null isFenced: false)], partitions = [], controller = null)
2026-07-27 09:36:01.782 INFO  [kafka-admin-client-thread | USER-SERVICE-admin-0] [traceId=, spanId=] o.a.k.c.a.i.AdminMetadataManager - [AdminClient clientId=USER-SERVICE-admin-0] Rebootstrapping with Cluster(id = null, nodes = [localhost:9092 (id: -1 rack: null isFenced: false)], partitions = [], controller = null)
2026-07-27 09:36:01.782 INFO  [kafka-admin-client-thread | USER-SERVICE-admin-0] [traceId=, spanId=] o.a.k.c.a.i.AdminMetadataManager - [AdminClient clientId=USER-SERVICE-admin-0] Rebootstrapping with Cluster(id = null, nodes = [localhost:9092 (id: -1 rack: null isFenced: false)], partitions = [], controller = null)
2026-07-27 09:36:01.782 INFO  [kafka-admin-client-thread | USER-SERVICE-admin-0] [traceId=, spanId=] o.a.k.c.a.i.AdminMetadataManager - [AdminClient clientId=USER-SERVICE-admin-0] Rebootstrapping with Cluster(id = null, nodes = [localhost:9092 (id: -1 rack: null isFenced: false)], partitions = [], controller = null)
2026-07-27 09:36:01.783 INFO  [kafka-admin-client-thread | USER-SERVICE-admin-0] [traceId=, spanId=] o.a.k.c.a.i.AdminMetadataManager - [AdminClient clientId=USER-SERVICE-admin-0] Rebootstrapping with Cluster(id = null, nodes = [localhost:9092 (id: -1 rack: null isFenced: false)], partitions = [], controller = null)
2026-07-27 09:36:01.783 INFO  [kafka-admin-client-thread | USER-SERVICE-admin-0] [traceId=, spanId=] o.a.k.c.a.i.AdminMetadataManager - [AdminClient clientId=USER-SERVICE-admin-0] Rebootstrapping with Cluster(id = null, nodes = [localhost:9092 (id: -1 rack: null isFenced: false)], partitions = [], controller = null)
2026-07-27 09:36:01.783 INFO  [kafka-admin-client-thread | USER-SERVICE-admin-0] [traceId=, spanId=] o.a.k.c.a.i.AdminMetadataManager - [AdminClient clientId=USER-SERVICE-admin-0] Rebootstrapping with Cluster(id = null, nodes = [localhost:9092 (id: -1 rack: null isFenced: false)], partitions = [], controller = null)
2026-07-27 09:36:01.783 INFO  [kafka-admin-client-thread | USER-SERVICE-admin-0] [traceId=, spanId=] o.a.k.c.a.i.AdminMetadataManager - [AdminClient clientId=USER-SERVICE-admin-0] Rebootstrapping with Cluster(id = null, nodes = [localhost:9092 (id: -1 rack: null isFenced: false)], partitions = [], controller = null)
2026-07-27 09:36:01.783 INFO  [kafka-admin-client-thread | USER-SERVICE-admin-0] [traceId=, spanId=] o.a.k.c.a.i.AdminMetadataManager - [AdminClient clientId=USER-SERVICE-admin-0] Rebootstrapping with Cluster(id = null, nodes = [localhost:9092 (id: -1 rack: null isFenced: false)], partitions = [], controller = null)
2026-07-27 09:36:01.784 INFO  [kafka-admin-client-thread | USER-SERVICE-admin-0] [traceId=, spanId=] o.a.k.c.a.i.AdminMetadataManager - [AdminClient clientId=USER-SERVICE-admin-0] Rebootstrapping with Cluster(id = null, nodes = [localhost:9092 (id: -1 rack: null isFenced: false)], partitions = [], controller = null)
2026-07-27 09:36:01.798 INFO  [kafka-admin-client-thread | USER-SERVICE-admin-0] [traceId=, spanId=] o.a.k.c.a.i.AdminMetadataManager - [AdminClient clientId=USER-SERVICE-admin-0] Rebootstrapping with Cluster(id = null, nodes = [localhost:9092 (id: -1 rack: null isFenced: false)], partitions = [], controller = null)
2026-07-27 09:36:01.901 INFO  [kafka-admin-client-thread | USER-SERVICE-admin-0] [traceId=, spanId=] o.a.k.c.a.i.AdminMetadataManager - [AdminClient clientId=USER-SERVICE-admin-0] Rebootstrapping with Cluster(id = null, nodes = [localhost:9092 (id: -1 rack: null isFenced: false)], partitions = [], controller = null)
2026-07-27 09:36:01.901 INFO  [kafka-admin-client-thread | USER-SERVICE-admin-0] [traceId=, spanId=] o.a.k.c.a.i.AdminMetadataManager - [AdminClient clientId=USER-SERVICE-admin-0] Rebootstrapping with Cluster(id = null, nodes = [localhost:9092 (id: -1 rack: null isFenced: false)], partitions = [], controller = null)
2026-07-27 09:36:01.902 INFO  [kafka-admin-client-thread | USER-SERVICE-admin-0] [traceId=, spanId=] o.a.k.c.a.i.AdminMetadataManager - [AdminClient clientId=USER-SERVICE-admin-0] Rebootstrapping with Cluster(id = null, nodes = [localhost:9092 (id: -1 rack: null isFenced: false)], partitions = [], controller = null)
2026-07-27 09:36:01.902 INFO  [kafka-admin-client-thread | USER-SERVICE-admin-0] [traceId=, spanId=] o.a.k.c.a.i.AdminMetadataManager - [AdminClient clientId=USER-SERVICE-admin-0] Rebootstrapping with Cluster(id = null, nodes = [localhost:9092 (id: -1 rack: null isFenced: false)], partitions = [], controller = null)
2026-07-27 09:36:01.902 INFO  [kafka-admin-client-thread | USER-SERVICE-admin-0] [traceId=, spanId=] o.a.k.c.a.i.AdminMetadataManager - [AdminClient clientId=USER-SERVICE-admin-0] Rebootstrapping with Cluster(id = null, nodes = [localhost:9092 (id: -1 rack: null isFenced: false)], partitions = [], controller = null)
2026-07-27 09:36:01.903 INFO  [kafka-admin-client-thread | USER-SERVICE-admin-0] [traceId=, spanId=] o.a.k.c.a.i.AdminMetadataManager - [AdminClient clientId=USER-SERVICE-admin-0] Rebootstrapping with Cluster(id = null, nodes = [localhost:9092 (id: -1 rack: null isFenced: false)], partitions = [], controller = null)
2026-07-27 09:36:01.911 INFO  [kafka-admin-client-thread | USER-SERVICE-admin-0] [traceId=, spanId=] o.a.k.c.a.i.AdminMetadataManager - [AdminClient clientId=USER-SERVICE-admin-0] Rebootstrapping with Cluster(id = null, nodes = [localhost:9092 (id: -1 rack: null isFenced: false)], partitions = [], controller = null)
2026-07-27 09:36:01.913 INFO  [kafka-admin-client-thread | USER-SERVICE-admin-0] [traceId=, spanId=] o.a.k.c.a.i.AdminMetadataManager - [AdminClient clientId=USER-SERVICE-admin-0] Rebootstrapping with Cluster(id = null, nodes = [localhost:9092 (id: -1 rack: null isFenced: false)], partitions = [], controller = null)
2026-07-27 09:36:01.915 INFO  [kafka-admin-client-thread | USER-SERVICE-admin-0] [traceId=, spanId=] o.a.k.c.a.i.AdminMetadataManager - [AdminClient clientId=USER-SERVICE-admin-0] Rebootstrapping with Cluster(id = null, nodes = [localhost:9092 (id: -1 rack: null isFenced: false)], partitions = [], controller = null)
2026-07-27 09:36:01.923 INFO  [kafka-admin-client-thread | USER-SERVICE-admin-0] [traceId=, spanId=] o.a.k.c.a.i.AdminMetadataManager - [AdminClient clientId=USER-SERVICE-admin-0] Rebootstrapping with Cluster(id = null, nodes = [localhost:9092 (id: -1 rack: null isFenced: false)], partitions = [], controller = null)
2026-07-27 09:36:01.928 INFO  [kafka-admin-client-thread | USER-SERVICE-admin-0] [traceId=, spanId=] o.a.k.c.a.i.AdminMetadataManager - [AdminClient clientId=USER-SERVICE-admin-0] Rebootstrapping with Cluster(id = null, nodes = [localhost:9092 (id: -1 rack: null isFenced: false)], partitions = [], controller = null)
2026-07-27 09:36:01.929 INFO  [kafka-admin-client-thread | USER-SERVICE-admin-0] [traceId=, spanId=] o.a.k.c.a.i.AdminMetadataManager - [AdminClient clientId=USER-SERVICE-admin-0] Rebootstrapping with Cluster(id = null, nodes = [localhost:9092 (id: -1 rack: null isFenced: false)], partitions = [], controller = null)
2026-07-27 09:36:01.929 INFO  [kafka-admin-client-thread | USER-SERVICE-admin-0] [traceId=, spanId=] o.a.k.c.a.i.AdminMetadataManager - [AdminClient clientId=USER-SERVICE-admin-0] Rebootstrapping with Cluster(id = null, nodes = [localhost:9092 (id: -1 rack: null isFenced: false)], partitions = [], controller = null)
2026-07-27 09:36:01.931 INFO  [kafka-admin-client-thread | USER-SERVICE-admin-0] [traceId=, spanId=] o.a.k.c.a.i.AdminMetadataManager - [AdminClient clientId=USER-SERVICE-admin-0] Rebootstrapping with Cluster(id = null, nodes = [localhost:9092 (id: -1 rack: null isFenced: false)], partitions = [], controller = null)
2026-07-27 09:36:01.934 INFO  [kafka-admin-client-thread | USER-SERVICE-admin-0] [traceId=, spanId=] o.a.k.c.a.i.AdminMetadataManager - [AdminClient clientId=USER-SERVICE-admin-0] Rebootstrapping with Cluster(id = null, nodes = [localhost:9092 (id: -1 rack: null isFenced: false)], partitions = [], controller = null)
2026-07-27 09:36:01.935 INFO  [kafka-admin-client-thread | USER-SERVICE-admin-0] [traceId=, spanId=] o.a.k.c.a.i.AdminMetadataManager - [AdminClient clientId=USER-SERVICE-admin-0] Rebootstrapping with Cluster(id = null, nodes = [localhost:9092 (id: -1 rack: null isFenced: false)], partitions = [], controller = null)
2026-07-27 09:36:01.936 INFO  [kafka-admin-client-thread | USER-SERVICE-admin-0] [traceId=, spanId=] o.a.k.c.a.i.AdminMetadataManager - [AdminClient clientId=USER-SERVICE-admin-0] Rebootstrapping with Cluster(id = null, nodes = [localhost:9092 (id: -1 rack: null isFenced: false)], partitions = [], controller = null)
2026-07-27 09:36:01.936 INFO  [kafka-admin-client-thread | USER-SERVICE-admin-0] [traceId=, spanId=] o.a.k.c.a.i.AdminMetadataManager - [AdminClient clientId=USER-SERVICE-admin-0] Rebootstrapping with Cluster(id = null, nodes = [localhost:9092 (id: -1 rack: null isFenced: false)], partitions = [], controller = null)
2026-07-27 09:36:01.936 INFO  [kafka-admin-client-thread | USER-SERVICE-admin-0] [traceId=, spanId=] o.a.k.c.a.i.AdminMetadataManager - [AdminClient clientId=USER-SERVICE-admin-0] Rebootstrapping with Cluster(id = null, nodes = [localhost:9092 (id: -1 rack: null isFenced: false)], partitions = [], controller = null)
2026-07-27 09:36:01.951 INFO  [kafka-admin-client-thread | USER-SERVICE-admin-0] [traceId=, spanId=] o.a.k.c.a.i.AdminMetadataManager - [AdminClient clientId=USER-SERVICE-admin-0] Rebootstrapping with Cluster(id = null, nodes = [localhost:9092 (id: -1 rack: null isFenced: false)], partitions = [], controller = null)
2026-07-27 09:36:01.956 INFO  [kafka-admin-client-thread | USER-SERVICE-admin-0] [traceId=, spanId=] o.a.k.c.a.i.AdminMetadataManager - [AdminClient clientId=USER-SERVICE-admin-0] Rebootstrapping with Cluster(id = null, nodes = [localhost:9092 (id: -1 rack: null isFenced: false)], partitions = [], controller = null)
2026-07-27 09:36:01.956 INFO  [kafka-admin-client-thread | USER-SERVICE-admin-0] [traceId=, spanId=] o.a.k.c.a.i.AdminMetadataManager - [AdminClient clientId=USER-SERVICE-admin-0] Rebootstrapping with Cluster(id = null, nodes = [localhost:9092 (id: -1 rack: null isFenced: false)], partitions = [], controller = null)
2026-07-27 09:36:02.059 INFO  [kafka-admin-client-thread | USER-SERVICE-admin-0] [traceId=, spanId=] o.a.k.c.a.i.AdminMetadataManager - [AdminClient clientId=USER-SERVICE-admin-0] Rebootstrapping with Cluster(id = null, nodes = [localhost:9092 (id: -1 rack: null isFenced: false)], partitions = [], controller = null)
2026-07-27 09:36:02.061 INFO  [kafka-admin-client-thread | USER-SERVICE-admin-0] [traceId=, spanId=] o.a.k.c.a.i.AdminMetadataManager - [AdminClient clientId=USER-SERVICE-admin-0] Rebootstrapping with Cluster(id = null, nodes = [localhost:9092 (id: -1 rack: null isFenced: false)], partitions = [], controller = null)
2026-07-27 09:36:02.065 INFO  [kafka-admin-client-thread | USER-SERVICE-admin-0] [traceId=, spanId=] o.a.k.c.a.i.AdminMetadataManager - [AdminClient clientId=USER-SERVICE-admin-0] Rebootstrapping with Cluster(id = null, nodes = [localhost:9092 (id: -1 rack: null isFenced: false)], partitions = [], controller = null)
2026-07-27 09:36:02.070 INFO  [kafka-admin-client-thread | USER-SERVICE-admin-0] [traceId=, spanId=] o.a.k.c.a.i.AdminMetadataManager - [AdminClient clientId=USER-SERVICE-admin-0] Rebootstrapping with Cluster(id = null, nodes = [localhost:9092 (id: -1 rack: null isFenced: false)], partitions = [], controller = null)
2026-07-27 09:36:02.071 INFO  [kafka-admin-client-thread | USER-SERVICE-admin-0] [traceId=, spanId=] o.a.k.c.a.i.AdminMetadataManager - [AdminClient clientId=USER-SERVICE-admin-0] Rebootstrapping with Cluster(id = null, nodes = [localhost:9092 (id: -1 rack: null isFenced: false)], partitions = [], controller = null)
2026-07-27 09:36:02.071 INFO  [kafka-admin-client-thread | USER-SERVICE-admin-0] [traceId=, spanId=] o.a.k.c.a.i.AdminMetadataManager - [AdminClient clientId=USER-SERVICE-admin-0] Rebootstrapping with Cluster(id = null, nodes = [localhost:9092 (id: -1 rack: null isFenced: false)], partitions = [], controller = null)
2026-07-27 09:36:02.071 INFO  [kafka-admin-client-thread | USER-SERVICE-admin-0] [traceId=, spanId=] o.a.k.c.a.i.AdminMetadataManager - [AdminClient clientId=USER-SERVICE-admin-0] Rebootstrapping with Cluster(id = null, nodes = [localhost:9092 (id: -1 rack: null isFenced: false)], partitions = [], controller = null)
2026-07-27 09:36:02.071 INFO  [kafka-admin-client-thread | USER-SERVICE-admin-0] [traceId=, spanId=] o.a.k.c.a.i.AdminMetadataManager - [AdminClient clientId=USER-SERVICE-admin-0] Rebootstrapping with Cluster(id = null, nodes = [localhost:9092 (id: -1 rack: null isFenced: false)], partitions = [], controller = null)
2026-07-27 09:36:02.072 INFO  [kafka-admin-client-thread | USER-SERVICE-admin-0] [traceId=, spanId=] o.a.k.c.a.i.AdminMetadataManager - [AdminClient clientId=USER-SERVICE-admin-0] Rebootstrapping with Cluster(id = null, nodes = [localhost:9092 (id: -1 rack: null isFenced: false)], partitions = [], controller = null)
2026-07-27 09:36:02.072 INFO  [kafka-admin-client-thread | USER-SERVICE-admin-0] [traceId=, spanId=] o.a.k.c.a.i.AdminMetadataManager - [AdminClient clientId=USER-SERVICE-admin-0] Rebootstrapping with Cluster(id = null, nodes = [localhost:9092 (id: -1 rack: null isFenced: false)], partitions = [], controller = null)
2026-07-27 09:36:02.072 INFO  [kafka-admin-client-thread | USER-SERVICE-admin-0] [traceId=, spanId=] o.a.k.c.a.i.AdminMetadataManager - [AdminClient clientId=USER-SERVICE-admin-0] Rebootstrapping with Cluster(id = null, nodes = [localhost:9092 (id: -1 rack: null isFenced: false)], partitions = [], controller = null)
2026-07-27 09:36:02.072 INFO  [kafka-admin-client-thread | USER-SERVICE-admin-0] [traceId=, spanId=] o.a.k.c.a.i.AdminMetadataManager - [AdminClient clientId=USER-SERVICE-admin-0] Rebootstrapping with Cluster(id = null, nodes = [localhost:9092 (id: -1 rack: null isFenced: false)], partitions = [], controller = null)
2026-07-27 09:36:02.073 INFO  [kafka-admin-client-thread | USER-SERVICE-admin-0] [traceId=, spanId=] o.a.k.c.a.i.AdminMetadataManager - [AdminClient clientId=USER-SERVICE-admin-0] Rebootstrapping with Cluster(id = null, nodes = [localhost:9092 (id: -1 rack: null isFenced: false)], partitions = [], controller = null)
2026-07-27 09:36:02.093 INFO  [kafka-admin-client-thread | USER-SERVICE-admin-0] [traceId=, spanId=] o.a.k.c.a.i.AdminMetadataManager - [AdminClient clientId=USER-SERVICE-admin-0] Rebootstrapping with Cluster(id = null, nodes = [localhost:9092 (id: -1 rack: null isFenced: false)], partitions = [], controller = null)
2026-07-27 09:36:02.096 INFO  [kafka-admin-client-thread | USER-SERVICE-admin-0] [traceId=, spanId=] o.a.k.c.a.i.AdminMetadataManager - [AdminClient clientId=USER-SERVICE-admin-0] Rebootstrapping with Cluster(id = null, nodes = [localhost:9092 (id: -1 rack: null isFenced: false)], partitions = [], controller = null)
2026-07-27 09:36:02.098 INFO  [kafka-admin-client-thread | USER-SERVICE-admin-0] [traceId=, spanId=] o.a.k.c.a.i.AdminMetadataManager - [AdminClient clientId=USER-SERVICE-admin-0] Rebootstrapping with Cluster(id = null, nodes = [localhost:9092 (id: -1 rack: null isFenced: false)], partitions = [], controller = null)
2026-07-27 09:36:02.104 INFO  [kafka-admin-client-thread | USER-SERVICE-admin-0] [traceId=, spanId=] o.a.k.c.a.i.AdminMetadataManager - [AdminClient clientId=USER-SERVICE-admin-0] Rebootstrapping with Cluster(id = null, nodes = [localhost:9092 (id: -1 rack: null isFenced: false)], partitions = [], controller = null)
2026-07-27 09:36:02.112 INFO  [kafka-admin-client-thread | USER-SERVICE-admin-0] [traceId=, spanId=] o.a.k.c.a.i.AdminMetadataManager - [AdminClient clientId=USER-SERVICE-admin-0] Rebootstrapping with Cluster(id = null, nodes = [localhost:9092 (id: -1 rack: null isFenced: false)], partitions = [], controller = null)
2026-07-27 09:36:02.113 INFO  [kafka-admin-client-thread | USER-SERVICE-admin-0] [traceId=, spanId=] o.a.k.c.a.i.AdminMetadataManager - [AdminClient clientId=USER-SERVICE-admin-0] Rebootstrapping with Cluster(id = null, nodes = [localhost:9092 (id: -1 rack: null isFenced: false)], partitions = [], controller = null)
2026-07-27 09:36:02.126 INFO  [kafka-admin-client-thread | USER-SERVICE-admin-0] [traceId=, spanId=] o.a.k.c.a.i.AdminMetadataManager - [AdminClient clientId=USER-SERVICE-admin-0] Rebootstrapping with Cluster(id = null, nodes = [localhost:9092 (id: -1 rack: null isFenced: false)], partitions = [], controller = null)
2026-07-27 09:36:02.130 INFO  [kafka-admin-client-thread | USER-SERVICE-admin-0] [traceId=, spanId=] o.a.k.c.a.i.AdminMetadataManager - [AdminClient clientId=USER-SERVICE-admin-0] Rebootstrapping with Cluster(id = null, nodes = [localhost:9092 (id: -1 rack: null isFenced: false)], partitions = [], controller = null)
2026-07-27 09:36:02.131 INFO  [kafka-admin-client-thread | USER-SERVICE-admin-0] [traceId=, spanId=] o.a.k.c.a.i.AdminMetadataManager - [AdminClient clientId=USER-SERVICE-admin-0] Rebootstrapping with Cluster(id = null, nodes = [localhost:9092 (id: -1 rack: null isFenced: false)], partitions = [], controller = null)
2026-07-27 09:36:02.133 INFO  [kafka-admin-client-thread | USER-SERVICE-admin-0] [traceId=, spanId=] o.a.k.c.a.i.AdminMetadataManager - [AdminClient clientId=USER-SERVICE-admin-0] Rebootstrapping with Cluster(id = null, nodes = [localhost:9092 (id: -1 rack: null isFenced: false)], partitions = [], controller = null)
2026-07-27 09:36:02.236 INFO  [kafka-admin-client-thread | USER-SERVICE-admin-0] [traceId=, spanId=] o.a.k.c.a.i.AdminMetadataManager - [AdminClient clientId=USER-SERVICE-admin-0] Rebootstrapping with Cluster(id = null, nodes = [localhost:9092 (id: -1 rack: null isFenced: false)], partitions = [], controller = null)
2026-07-27 09:36:02.242 INFO  [kafka-admin-client-thread | USER-SERVICE-admin-0] [traceId=, spanId=] o.a.k.c.a.i.AdminMetadataManager - [AdminClient clientId=USER-SERVICE-admin-0] Rebootstrapping with Cluster(id = null, nodes = [localhost:9092 (id: -1 rack: null isFenced: false)], partitions = [], controller = null)
2026-07-27 09:36:02.243 INFO  [kafka-admin-client-thread | USER-SERVICE-admin-0] [traceId=, spanId=] o.a.k.c.a.i.AdminMetadataManager - [AdminClient clientId=USER-SERVICE-admin-0] Rebootstrapping with Cluster(id = null, nodes = [localhost:9092 (id: -1 rack: null isFenced: false)], partitions = [], controller = null)
2026-07-27 09:36:02.243 INFO  [kafka-admin-client-thread | USER-SERVICE-admin-0] [traceId=, spanId=] o.a.k.c.a.i.AdminMetadataManager - [AdminClient clientId=USER-SERVICE-admin-0] Rebootstrapping with Cluster(id = null, nodes = [localhost:9092 (id: -1 rack: null isFenced: false)], partitions = [], controller = null)
2026-07-27 09:36:02.246 INFO  [kafka-admin-client-thread | USER-SERVICE-admin-0] [traceId=, spanId=] o.a.k.c.a.i.AdminMetadataManager - [AdminClient clientId=USER-SERVICE-admin-0] Rebootstrapping with Cluster(id = null, nodes = [localhost:9092 (id: -1 rack: null isFenced: false)], partitions = [], controller = null)
2026-07-27 09:36:02.248 INFO  [kafka-admin-client-thread | USER-SERVICE-admin-0] [traceId=, spanId=] o.a.k.c.a.i.AdminMetadataManager - [AdminClient clientId=USER-SERVICE-admin-0] Rebootstrapping with Cluster(id = null, nodes = [localhost:9092 (id: -1 rack: null isFenced: false)], partitions = [], controller = null)
2026-07-27 09:36:02.248 INFO  [kafka-admin-client-thread | USER-SERVICE-admin-0] [traceId=, spanId=] o.a.k.c.a.i.AdminMetadataManager - [AdminClient clientId=USER-SERVICE-admin-0] Rebootstrapping with Cluster(id = null, nodes = [localhost:9092 (id: -1 rack: null isFenced: false)], partitions = [], controller = null)
2026-07-27 09:36:02.249 INFO  [kafka-admin-client-thread | USER-SERVICE-admin-0] [traceId=, spanId=] o.a.k.c.a.i.AdminMetadataManager - [AdminClient clientId=USER-SERVICE-admin-0] Rebootstrapping with Cluster(id = null, nodes = [localhost:9092 (id: -1 rack: null isFenced: false)], partitions = [], controller = null)
2026-07-27 09:36:02.249 INFO  [kafka-admin-client-thread | USER-SERVICE-admin-0] [traceId=, spanId=] o.a.k.c.a.i.AdminMetadataManager - [AdminClient clientId=USER-SERVICE-admin-0] Rebootstrapping with Cluster(id = null, nodes = [localhost:9092 (id: -1 rack: null isFenced: false)], partitions = [], controller = null)
2026-07-27 09:36:02.249 INFO  [kafka-admin-client-thread | USER-SERVICE-admin-0] [traceId=, spanId=] o.a.k.c.a.i.AdminMetadataManager - [AdminClient clientId=USER-SERVICE-admin-0] Rebootstrapping with Cluster(id = null, nodes = [localhost:9092 (id: -1 rack: null isFenced: false)], partitions = [], controller = null)
2026-07-27 09:36:02.249 INFO  [kafka-admin-client-thread | USER-SERVICE-admin-0] [traceId=, spanId=] o.a.k.c.a.i.AdminMetadataManager - [AdminClient clientId=USER-SERVICE-admin-0] Rebootstrapping with Cluster(id = null, nodes = [localhost:9092 (id: -1 rack: null isFenced: false)], partitions = [], controller = null)
2026-07-27 09:36:02.249 INFO  [kafka-admin-client-thread | USER-SERVICE-admin-0] [traceId=, spanId=] o.a.k.c.a.i.AdminMetadataManager - [AdminClient clientId=USER-SERVICE-admin-0] Rebootstrapping with Cluster(id = null, nodes = [localhost:9092 (id: -1 rack: null isFenced: false)], partitions = [], controller = null)
2026-07-27 09:36:02.250 INFO  [kafka-admin-client-thread | USER-SERVICE-admin-0] [traceId=, spanId=] o.a.k.c.a.i.AdminMetadataManager - [AdminClient clientId=USER-SERVICE-admin-0] Rebootstrapping with Cluster(id = null, nodes = [localhost:9092 (id: -1 rack: null isFenced: false)], partitions = [], controller = null)
2026-07-27 09:36:02.270 INFO  [kafka-admin-client-thread | USER-SERVICE-admin-0] [traceId=, spanId=] o.apache.kafka.clients.NetworkClient - [AdminClient clientId=USER-SERVICE-admin-0] Node -1 disconnected.
2026-07-27 09:36:02.281 WARN  [kafka-admin-client-thread | USER-SERVICE-admin-0] [traceId=, spanId=] o.apache.kafka.clients.NetworkClient - [AdminClient clientId=USER-SERVICE-admin-0] Connection to node -1 (localhost/127.0.0.1:9092) could not be established. Node may not be available.
2026-07-27 09:36:02.284 INFO  [kafka-admin-client-thread | USER-SERVICE-admin-0] [traceId=, spanId=] o.a.k.c.a.i.AdminMetadataManager - [AdminClient clientId=USER-SERVICE-admin-0] Rebootstrapping with Cluster(id = null, nodes = [localhost:9092 (id: -1 rack: null isFenced: false)], partitions = [], controller = null)
2026-07-27 09:36:02.287 INFO  [kafka-admin-client-thread | USER-SERVICE-admin-0] [traceId=, spanId=] o.a.k.c.a.i.AdminMetadataManager - [AdminClient clientId=USER-SERVICE-admin-0] Rebootstrapping with Cluster(id = null, nodes = [localhost:9092 (id: -1 rack: null isFenced: false)], partitions = [], controller = null)
2026-07-27 09:36:02.287 INFO  [kafka-admin-client-thread | USER-SERVICE-admin-0] [traceId=, spanId=] o.a.k.c.a.i.AdminMetadataManager - [AdminClient clientId=USER-SERVICE-admin-0] Rebootstrapping with Cluster(id = null, nodes = [localhost:9092 (id: -1 rack: null isFenced: false)], partitions = [], controller = null)
2026-07-27 09:36:02.287 INFO  [kafka-admin-client-thread | USER-SERVICE-admin-0] [traceId=, spanId=] o.a.k.c.a.i.AdminMetadataManager - [AdminClient clientId=USER-SERVICE-admin-0] Rebootstrapping with Cluster(id = null, nodes = [localhost:9092 (id: -1 rack: null isFenced: false)], partitions = [], controller = null)
2026-07-27 09:36:02.287 INFO  [kafka-admin-client-thread | USER-SERVICE-admin-0] [traceId=, spanId=] o.a.k.c.a.i.AdminMetadataManager - [AdminClient clientId=USER-SERVICE-admin-0] Rebootstrapping with Cluster(id = null, nodes = [localhost:9092 (id: -1 rack: null isFenced: false)], partitions = [], controller = null)
2026-07-27 09:36:02.287 INFO  [kafka-admin-client-thread | USER-SERVICE-admin-0] [traceId=, spanId=] o.a.k.c.a.i.AdminMetadataManager - [AdminClient clientId=USER-SERVICE-admin-0] Rebootstrapping with Cluster(id = null, nodes = [localhost:9092 (id: -1 rack: null isFenced: false)], partitions = [], controller = null)
2026-07-27 09:36:02.297 INFO  [kafka-admin-client-thread | USER-SERVICE-admin-0] [traceId=, spanId=] o.a.k.c.a.i.AdminMetadataManager - [AdminClient clientId=USER-SERVICE-admin-0] Rebootstrapping with Cluster(id = null, nodes = [localhost:9092 (id: -1 rack: null isFenced: false)], partitions = [], controller = null)
2026-07-27 09:36:02.300 INFO  [kafka-admin-client-thread | USER-SERVICE-admin-0] [traceId=, spanId=] o.a.k.c.a.i.AdminMetadataManager - [AdminClient clientId=USER-SERVICE-admin-0] Rebootstrapping with Cluster(id = null, nodes = [localhost:9092 (id: -1 rack: null isFenced: false)], partitions = [], controller = null)
2026-07-27 09:36:02.307 INFO  [kafka-admin-client-thread | USER-SERVICE-admin-0] [traceId=, spanId=] o.a.k.c.a.i.AdminMetadataManager - [AdminClient clientId=USER-SERVICE-admin-0] Rebootstrapping with Cluster(id = null, nodes = [localhost:9092 (id: -1 rack: null isFenced: false)], partitions = [], controller = null)
2026-07-27 09:36:02.313 INFO  [kafka-admin-client-thread | USER-SERVICE-admin-0] [traceId=, spanId=] o.a.k.c.a.i.AdminMetadataManager - [AdminClient clientId=USER-SERVICE-admin-0] Rebootstrapping with Cluster(id = null, nodes = [localhost:9092 (id: -1 rack: null isFenced: false)], partitions = [], controller = null)
2026-07-27 09:36:02.315 INFO  [kafka-admin-client-thread | USER-SERVICE-admin-0] [traceId=, spanId=] o.a.k.c.a.i.AdminMetadataManager - [AdminClient clientId=USER-SERVICE-admin-0] Rebootstrapping with Cluster(id = null, nodes = [localhost:9092 (id: -1 rack: null isFenced: false)], partitions = [], controller = null)
2026-07-27 09:36:02.321 INFO  [kafka-admin-client-thread | USER-SERVICE-admin-0] [traceId=, spanId=] o.a.k.c.a.i.AdminMetadataManager - [AdminClient clientId=USER-SERVICE-admin-0] Rebootstrapping with Cluster(id = null, nodes = [localhost:9092 (id: -1 rack: null isFenced: false)], partitions = [], controller = null)
2026-07-27 09:36:02.322 INFO  [kafka-admin-client-thread | USER-SERVICE-admin-0] [traceId=, spanId=] o.a.k.c.a.i.AdminMetadataManager - [AdminClient clientId=USER-SERVICE-admin-0] Rebootstrapping with Cluster(id = null, nodes = [localhost:9092 (id: -1 rack: null isFenced: false)], partitions = [], controller = null)
2026-07-27 09:36:02.322 INFO  [kafka-admin-client-thread | USER-SERVICE-admin-0] [traceId=, spanId=] o.a.k.c.a.i.AdminMetadataManager - [AdminClient clientId=USER-SERVICE-admin-0] Rebootstrapping with Cluster(id = null, nodes = [localhost:9092 (id: -1 rack: null isFenced: false)], partitions = [], controller = null)
2026-07-27 09:36:02.322 INFO  [kafka-admin-client-thread | USER-SERVICE-admin-0] [traceId=, spanId=] o.a.k.c.a.i.AdminMetadataManager - [AdminClient clientId=USER-SERVICE-admin-0] Rebootstrapping with Cluster(id = null, nodes = [localhost:9092 (id: -1 rack: null isFenced: false)], partitions = [], controller = null)
2026-07-27 09:36:02.323 INFO  [kafka-admin-client-thread | USER-SERVICE-admin-0] [traceId=, spanId=] o.a.k.c.a.i.AdminMetadataManager - [AdminClient clientId=USER-SERVICE-admin-0] Rebootstrapping with Cluster(id = null, nodes = [localhost:9092 (id: -1 rack: null isFenced: false)], partitions = [], controller = null)
2026-07-27 09:36:02.335 INFO  [kafka-admin-client-thread | USER-SERVICE-admin-0] [traceId=, spanId=] o.a.k.c.a.i.AdminMetadataManager - [AdminClient clientId=USER-SERVICE-admin-0] Rebootstrapping with Cluster(id = null, nodes = [localhost:9092 (id: -1 rack: null isFenced: false)], partitions = [], controller = null)
2026-07-27 09:36:02.335 INFO  [kafka-admin-client-thread | USER-SERVICE-admin-0] [traceId=, spanId=] o.a.k.c.a.i.AdminMetadataManager - [AdminClient clientId=USER-SERVICE-admin-0] Rebootstrapping with Cluster(id = null, nodes = [localhost:9092 (id: -1 rack: null isFenced: false)], partitions = [], controller = null)
2026-07-27 09:36:02.336 INFO  [kafka-admin-client-thread | USER-SERVICE-admin-0] [traceId=, spanId=] o.a.k.c.a.i.AdminMetadataManager - [AdminClient clientId=USER-SERVICE-admin-0] Rebootstrapping with Cluster(id = null, nodes = [localhost:9092 (id: -1 rack: null isFenced: false)], partitions = [], controller = null)
2026-07-27 09:36:02.336 INFO  [kafka-admin-client-thread | USER-SERVICE-admin-0] [traceId=, spanId=] o.a.k.c.a.i.AdminMetadataManager - [AdminClient clientId=USER-SERVICE-admin-0] Rebootstrapping with Cluster(id = null, nodes = [localhost:9092 (id: -1 rack: null isFenced: false)], partitions = [], controller = null)
2026-07-27 09:36:02.336 INFO  [kafka-admin-client-thread | USER-SERVICE-admin-0] [traceId=, spanId=] o.a.k.c.a.i.AdminMetadataManager - [AdminClient clientId=USER-SERVICE-admin-0] Rebootstrapping with Cluster(id = null, nodes = [localhost:9092 (id: -1 rack: null isFenced: false)], partitions = [], controller = null)
2026-07-27 09:36:02.336 INFO  [kafka-admin-client-thread | USER-SERVICE-admin-0] [traceId=, spanId=] o.a.k.c.a.i.AdminMetadataManager - [AdminClient clientId=USER-SERVICE-admin-0] Rebootstrapping with Cluster(id = null, nodes = [localhost:9092 (id: -1 rack: null isFenced: false)], partitions = [], controller = null)
2026-07-27 09:36:02.344 INFO  [kafka-admin-client-thread | USER-SERVICE-admin-0] [traceId=, spanId=] o.a.k.c.a.i.AdminMetadataManager - [AdminClient clientId=USER-SERVICE-admin-0] Rebootstrapping with Cluster(id = null, nodes = [localhost:9092 (id: -1 rack: null isFenced: false)], partitions = [], controller = null)
2026-07-27 09:36:02.351 INFO  [kafka-admin-client-thread | USER-SERVICE-admin-0] [traceId=, spanId=] o.a.k.c.a.i.AdminMetadataManager - [AdminClient clientId=USER-SERVICE-admin-0] Rebootstrapping with Cluster(id = null, nodes = [localhost:9092 (id: -1 rack: null isFenced: false)], partitions = [], controller = null)
2026-07-27 09:36:02.408 INFO  [kafka-admin-client-thread | USER-SERVICE-admin-0] [traceId=, spanId=] o.a.k.c.a.i.AdminMetadataManager - [AdminClient clientId=USER-SERVICE-admin-0] Rebootstrapping with Cluster(id = null, nodes = [localhost:9092 (id: -1 rack: null isFenced: false)], partitions = [], controller = null)
2026-07-27 09:36:02.412 INFO  [kafka-admin-client-thread | USER-SERVICE-admin-0] [traceId=, spanId=] o.a.k.c.a.i.AdminMetadataManager - [AdminClient clientId=USER-SERVICE-admin-0] Rebootstrapping with Cluster(id = null, nodes = [localhost:9092 (id: -1 rack: null isFenced: false)], partitions = [], controller = null)
2026-07-27 09:36:02.413 INFO  [kafka-admin-client-thread | USER-SERVICE-admin-0] [traceId=, spanId=] o.a.k.c.a.i.AdminMetadataManager - [AdminClient clientId=USER-SERVICE-admin-0] Rebootstrapping with Cluster(id = null, nodes = [localhost:9092 (id: -1 rack: null isFenced: false)], partitions = [], controller = null)
2026-07-27 09:36:02.416 INFO  [kafka-admin-client-thread | USER-SERVICE-admin-0] [traceId=, spanId=] o.a.k.c.a.i.AdminMetadataManager - [AdminClient clientId=USER-SERVICE-admin-0] Rebootstrapping with Cluster(id = null, nodes = [localhost:9092 (id: -1 rack: null isFenced: false)], partitions = [], controller = null)
2026-07-27 09:36:02.419 INFO  [kafka-admin-client-thread | USER-SERVICE-admin-0] [traceId=, spanId=] o.a.k.c.a.i.AdminMetadataManager - [AdminClient clientId=USER-SERVICE-admin-0] Rebootstrapping with Cluster(id = null, nodes = [localhost:9092 (id: -1 rack: null isFenced: false)], partitions = [], controller = null)
2026-07-27 09:36:02.419 INFO  [kafka-admin-client-thread | USER-SERVICE-admin-0] [traceId=, spanId=] o.a.k.c.a.i.AdminMetadataManager - [AdminClient clientId=USER-SERVICE-admin-0] Rebootstrapping with Cluster(id = null, nodes = [localhost:9092 (id: -1 rack: null isFenced: false)], partitions = [], controller = null)
2026-07-27 09:36:02.420 INFO  [kafka-admin-client-thread | USER-SERVICE-admin-0] [traceId=, spanId=] o.a.k.c.a.i.AdminMetadataManager - [AdminClient clientId=USER-SERVICE-admin-0] Rebootstrapping with Cluster(id = null, nodes = [localhost:9092 (id: -1 rack: null isFenced: false)], partitions = [], controller = null)
2026-07-27 09:36:02.422 INFO  [kafka-admin-client-thread | USER-SERVICE-admin-0] [traceId=, spanId=] o.a.k.c.a.i.AdminMetadataManager - [AdminClient clientId=USER-SERVICE-admin-0] Rebootstrapping with Cluster(id = null, nodes = [localhost:9092 (id: -1 rack: null isFenced: false)], partitions = [], controller = null)
2026-07-27 09:36:02.422 INFO  [kafka-admin-client-thread | USER-SERVICE-admin-0] [traceId=, spanId=] o.a.k.c.a.i.AdminMetadataManager - [AdminClient clientId=USER-SERVICE-admin-0] Rebootstrapping with Cluster(id = null, nodes = [localhost:9092 (id: -1 rack: null isFenced: false)], partitions = [], controller = null)
2026-07-27 09:36:02.424 INFO  [kafka-admin-client-thread | USER-SERVICE-admin-0] [traceId=, spanId=] o.a.k.c.a.i.AdminMetadataManager - [AdminClient clientId=USER-SERVICE-admin-0] Rebootstrapping with Cluster(id = null, nodes = [localhost:9092 (id: -1 rack: null isFenced: false)], partitions = [], controller = null)
2026-07-27 09:36:02.427 INFO  [kafka-admin-client-thread | USER-SERVICE-admin-0] [traceId=, spanId=] o.a.k.c.a.i.AdminMetadataManager - [AdminClient clientId=USER-SERVICE-admin-0] Rebootstrapping with Cluster(id = null, nodes = [localhost:9092 (id: -1 rack: null isFenced: false)], partitions = [], controller = null)
2026-07-27 09:36:02.428 INFO  [kafka-admin-client-thread | USER-SERVICE-admin-0] [traceId=, spanId=] o.a.k.c.a.i.AdminMetadataManager - [AdminClient clientId=USER-SERVICE-admin-0] Rebootstrapping with Cluster(id = null, nodes = [localhost:9092 (id: -1 rack: null isFenced: false)], partitions = [], controller = null)
2026-07-27 09:36:02.435 INFO  [kafka-admin-client-thread | USER-SERVICE-admin-0] [traceId=, spanId=] o.a.k.c.a.i.AdminMetadataManager - [AdminClient clientId=USER-SERVICE-admin-0] Rebootstrapping with Cluster(id = null, nodes = [localhost:9092 (id: -1 rack: null isFenced: false)], partitions = [], controller = null)
2026-07-27 09:36:02.437 INFO  [kafka-admin-client-thread | USER-SERVICE-admin-0] [traceId=, spanId=] o.a.k.c.a.i.AdminMetadataManager - [AdminClient clientId=USER-SERVICE-admin-0] Rebootstrapping with Cluster(id = null, nodes = [localhost:9092 (id: -1 rack: null isFenced: false)], partitions = [], controller = null)
2026-07-27 09:36:02.439 INFO  [kafka-admin-client-thread | USER-SERVICE-admin-0] [traceId=, spanId=] o.a.k.c.a.i.AdminMetadataManager - [AdminClient clientId=USER-SERVICE-admin-0] Rebootstrapping with Cluster(id = null, nodes = [localhost:9092 (id: -1 rack: null isFenced: false)], partitions = [], controller = null)
2026-07-27 09:36:02.443 INFO  [kafka-admin-client-thread | USER-SERVICE-admin-0] [traceId=, spanId=] o.a.k.c.a.i.AdminMetadataManager - [AdminClient clientId=USER-SERVICE-admin-0] Rebootstrapping with Cluster(id = null, nodes = [localhost:9092 (id: -1 rack: null isFenced: false)], partitions = [], controller = null)
2026-07-27 09:36:02.444 INFO  [kafka-admin-client-thread | USER-SERVICE-admin-0] [traceId=, spanId=] o.a.k.c.a.i.AdminMetadataManager - [AdminClient clientId=USER-SERVICE-admin-0] Rebootstrapping with Cluster(id = null, nodes = [localhost:9092 (id: -1 rack: null isFenced: false)], partitions = [], controller = null)
2026-07-27 09:36:02.444 INFO  [kafka-admin-client-thread | USER-SERVICE-admin-0] [traceId=, spanId=] o.a.k.c.a.i.AdminMetadataManager - [AdminClient clientId=USER-SERVICE-admin-0] Rebootstrapping with Cluster(id = null, nodes = [localhost:9092 (id: -1 rack: null isFenced: false)], partitions = [], controller = null)
2026-07-27 09:36:02.444 INFO  [kafka-admin-client-thread | USER-SERVICE-admin-0] [traceId=, spanId=] o.a.k.c.a.i.AdminMetadataManager - [AdminClient clientId=USER-SERVICE-admin-0] Rebootstrapping with Cluster(id = null, nodes = [localhost:9092 (id: -1 rack: null isFenced: false)], partitions = [], controller = null)
2026-07-27 09:36:02.445 INFO  [kafka-admin-client-thread | USER-SERVICE-admin-0] [traceId=, spanId=] o.a.k.c.a.i.AdminMetadataManager - [AdminClient clientId=USER-SERVICE-admin-0] Rebootstrapping with Cluster(id = null, nodes = [localhost:9092 (id: -1 rack: null isFenced: false)], partitions = [], controller = null)
2026-07-27 09:36:02.445 INFO  [kafka-admin-client-thread | USER-SERVICE-admin-0] [traceId=, spanId=] o.a.k.c.a.i.AdminMetadataManager - [AdminClient clientId=USER-SERVICE-admin-0] Rebootstrapping with Cluster(id = null, nodes = [localhost:9092 (id: -1 rack: null isFenced: false)], partitions = [], controller = null)
2026-07-27 09:36:02.445 INFO  [kafka-admin-client-thread | USER-SERVICE-admin-0] [traceId=, spanId=] o.a.k.c.a.i.AdminMetadataManager - [AdminClient clientId=USER-SERVICE-admin-0] Rebootstrapping with Cluster(id = null, nodes = [localhost:9092 (id: -1 rack: null isFenced: false)], partitions = [], controller = null)
2026-07-27 09:36:02.445 INFO  [kafka-admin-client-thread | USER-SERVICE-admin-0] [traceId=, spanId=] o.a.k.c.a.i.AdminMetadataManager - [AdminClient clientId=USER-SERVICE-admin-0] Rebootstrapping with Cluster(id = null, nodes = [localhost:9092 (id: -1 rack: null isFenced: false)], partitions = [], controller = null)
2026-07-27 09:36:02.445 INFO  [kafka-admin-client-thread | USER-SERVICE-admin-0] [traceId=, spanId=] o.a.k.c.a.i.AdminMetadataManager - [AdminClient clientId=USER-SERVICE-admin-0] Rebootstrapping with Cluster(id = null, nodes = [localhost:9092 (id: -1 rack: null isFenced: false)], partitions = [], controller = null)
2026-07-27 09:36:02.445 INFO  [kafka-admin-client-thread | USER-SERVICE-admin-0] [traceId=, spanId=] o.a.k.c.a.i.AdminMetadataManager - [AdminClient clientId=USER-SERVICE-admin-0] Rebootstrapping with Cluster(id = null, nodes = [localhost:9092 (id: -1 rack: null isFenced: false)], partitions = [], controller = null)
2026-07-27 09:36:02.586 INFO  [kafka-admin-client-thread | USER-SERVICE-admin-0] [traceId=, spanId=] o.a.k.c.a.i.AdminMetadataManager - [AdminClient clientId=USER-SERVICE-admin-0] Rebootstrapping with Cluster(id = null, nodes = [localhost:9092 (id: -1 rack: null isFenced: false)], partitions = [], controller = null)
2026-07-27 09:36:02.587 INFO  [kafka-admin-client-thread | USER-SERVICE-admin-0] [traceId=, spanId=] o.a.k.c.a.i.AdminMetadataManager - [AdminClient clientId=USER-SERVICE-admin-0] Rebootstrapping with Cluster(id = null, nodes = [localhost:9092 (id: -1 rack: null isFenced: false)], partitions = [], controller = null)
2026-07-27 09:36:02.587 INFO  [kafka-admin-client-thread | USER-SERVICE-admin-0] [traceId=, spanId=] o.a.k.c.a.i.AdminMetadataManager - [AdminClient clientId=USER-SERVICE-admin-0] Rebootstrapping with Cluster(id = null, nodes = [localhost:9092 (id: -1 rack: null isFenced: false)], partitions = [], controller = null)
2026-07-27 09:36:02.587 INFO  [kafka-admin-client-thread | USER-SERVICE-admin-0] [traceId=, spanId=] o.a.k.c.a.i.AdminMetadataManager - [AdminClient clientId=USER-SERVICE-admin-0] Rebootstrapping with Cluster(id = null, nodes = [localhost:9092 (id: -1 rack: null isFenced: false)], partitions = [], controller = null)
2026-07-27 09:36:02.587 INFO  [kafka-admin-client-thread | USER-SERVICE-admin-0] [traceId=, spanId=] o.a.k.c.a.i.AdminMetadataManager - [AdminClient clientId=USER-SERVICE-admin-0] Rebootstrapping with Cluster(id = null, nodes = [localhost:9092 (id: -1 rack: null isFenced: false)], partitions = [], controller = null)
2026-07-27 09:36:02.588 INFO  [kafka-admin-client-thread | USER-SERVICE-admin-0] [traceId=, spanId=] o.a.k.c.a.i.AdminMetadataManager - [AdminClient clientId=USER-SERVICE-admin-0] Rebootstrapping with Cluster(id = null, nodes = [localhost:9092 (id: -1 rack: null isFenced: false)], partitions = [], controller = null)
2026-07-27 09:36:02.601 INFO  [kafka-admin-client-thread | USER-SERVICE-admin-0] [traceId=, spanId=] o.a.k.c.a.i.AdminMetadataManager - [AdminClient clientId=USER-SERVICE-admin-0] Rebootstrapping with Cluster(id = null, nodes = [localhost:9092 (id: -1 rack: null isFenced: false)], partitions = [], controller = null)
2026-07-27 09:36:02.604 INFO  [kafka-admin-client-thread | USER-SERVICE-admin-0] [traceId=, spanId=] o.a.k.c.a.i.AdminMetadataManager - [AdminClient clientId=USER-SERVICE-admin-0] Rebootstrapping with Cluster(id = null, nodes = [localhost:9092 (id: -1 rack: null isFenced: false)], partitions = [], controller = null)
2026-07-27 09:36:02.604 INFO  [kafka-admin-client-thread | USER-SERVICE-admin-0] [traceId=, spanId=] o.a.k.c.a.i.AdminMetadataManager - [AdminClient clientId=USER-SERVICE-admin-0] Rebootstrapping with Cluster(id = null, nodes = [localhost:9092 (id: -1 rack: null isFenced: false)], partitions = [], controller = null)
2026-07-27 09:36:02.605 INFO  [kafka-admin-client-thread | USER-SERVICE-admin-0] [traceId=, spanId=] o.a.k.c.a.i.AdminMetadataManager - [AdminClient clientId=USER-SERVICE-admin-0] Rebootstrapping with Cluster(id = null, nodes = [localhost:9092 (id: -1 rack: null isFenced: false)], partitions = [], controller = null)
2026-07-27 09:36:02.606 INFO  [kafka-admin-client-thread | USER-SERVICE-admin-0] [traceId=, spanId=] o.a.k.c.a.i.AdminMetadataManager - [AdminClient clientId=USER-SERVICE-admin-0] Rebootstrapping with Cluster(id = null, nodes = [localhost:9092 (id: -1 rack: null isFenced: false)], partitions = [], controller = null)
2026-07-27 09:36:02.606 INFO  [kafka-admin-client-thread | USER-SERVICE-admin-0] [traceId=, spanId=] o.a.k.c.a.i.AdminMetadataManager - [AdminClient clientId=USER-SERVICE-admin-0] Rebootstrapping with Cluster(id = null, nodes = [localhost:9092 (id: -1 rack: null isFenced: false)], partitions = [], controller = null)
2026-07-27 09:36:02.606 INFO  [kafka-admin-client-thread | USER-SERVICE-admin-0] [traceId=, spanId=] o.a.k.c.a.i.AdminMetadataManager - [AdminClient clientId=USER-SERVICE-admin-0] Rebootstrapping with Cluster(id = null, nodes = [localhost:9092 (id: -1 rack: null isFenced: false)], partitions = [], controller = null)
2026-07-27 09:36:02.606 INFO  [kafka-admin-client-thread | USER-SERVICE-admin-0] [traceId=, spanId=] o.a.k.c.a.i.AdminMetadataManager - [AdminClient clientId=USER-SERVICE-admin-0] Rebootstrapping with Cluster(id = null, nodes = [localhost:9092 (id: -1 rack: null isFenced: false)], partitions = [], controller = null)
2026-07-27 09:36:02.609 INFO  [kafka-admin-client-thread | USER-SERVICE-admin-0] [traceId=, spanId=] o.a.k.c.a.i.AdminMetadataManager - [AdminClient clientId=USER-SERVICE-admin-0] Rebootstrapping with Cluster(id = null, nodes = [localhost:9092 (id: -1 rack: null isFenced: false)], partitions = [], controller = null)
2026-07-27 09:36:02.611 INFO  [kafka-admin-client-thread | USER-SERVICE-admin-0] [traceId=, spanId=] o.a.k.c.a.i.AdminMetadataManager - [AdminClient clientId=USER-SERVICE-admin-0] Rebootstrapping with Cluster(id = null, nodes = [localhost:9092 (id: -1 rack: null isFenced: false)], partitions = [], controller = null)
2026-07-27 09:36:02.611 INFO  [kafka-admin-client-thread | USER-SERVICE-admin-0] [traceId=, spanId=] o.a.k.c.a.i.AdminMetadataManager - [AdminClient clientId=USER-SERVICE-admin-0] Rebootstrapping with Cluster(id = null, nodes = [localhost:9092 (id: -1 rack: null isFenced: false)], partitions = [], controller = null)
2026-07-27 09:36:02.611 INFO  [kafka-admin-client-thread | USER-SERVICE-admin-0] [traceId=, spanId=] o.a.k.c.a.i.AdminMetadataManager - [AdminClient clientId=USER-SERVICE-admin-0] Rebootstrapping with Cluster(id = null, nodes = [localhost:9092 (id: -1 rack: null isFenced: false)], partitions = [], controller = null)
2026-07-27 09:36:02.612 INFO  [kafka-admin-client-thread | USER-SERVICE-admin-0] [traceId=, spanId=] o.a.k.c.a.i.AdminMetadataManager - [AdminClient clientId=USER-SERVICE-admin-0] Rebootstrapping with Cluster(id = null, nodes = [localhost:9092 (id: -1 rack: null isFenced: false)], partitions = [], controller = null)
2026-07-27 09:36:02.613 INFO  [kafka-admin-client-thread | USER-SERVICE-admin-0] [traceId=, spanId=] o.a.k.c.a.i.AdminMetadataManager - [AdminClient clientId=USER-SERVICE-admin-0] Rebootstrapping with Cluster(id = null, nodes = [localhost:9092 (id: -1 rack: null isFenced: false)], partitions = [], controller = null)
2026-07-27 09:36:02.613 INFO  [kafka-admin-client-thread | USER-SERVICE-admin-0] [traceId=, spanId=] o.a.k.c.a.i.AdminMetadataManager - [AdminClient clientId=USER-SERVICE-admin-0] Rebootstrapping with Cluster(id = null, nodes = [localhost:9092 (id: -1 rack: null isFenced: false)], partitions = [], controller = null)
2026-07-27 09:36:02.613 INFO  [kafka-admin-client-thread | USER-SERVICE-admin-0] [traceId=, spanId=] o.a.k.c.a.i.AdminMetadataManager - [AdminClient clientId=USER-SERVICE-admin-0] Rebootstrapping with Cluster(id = null, nodes = [localhost:9092 (id: -1 rack: null isFenced: false)], partitions = [], controller = null)
2026-07-27 09:36:02.613 INFO  [kafka-admin-client-thread | USER-SERVICE-admin-0] [traceId=, spanId=] o.a.k.c.a.i.AdminMetadataManager - [AdminClient clientId=USER-SERVICE-admin-0] Rebootstrapping with Cluster(id = null, nodes = [localhost:9092 (id: -1 rack: null isFenced: false)], partitions = [], controller = null)
2026-07-27 09:36:02.613 INFO  [kafka-admin-client-thread | USER-SERVICE-admin-0] [traceId=, spanId=] o.a.k.c.a.i.AdminMetadataManager - [AdminClient clientId=USER-SERVICE-admin-0] Rebootstrapping with Cluster(id = null, nodes = [localhost:9092 (id: -1 rack: null isFenced: false)], partitions = [], controller = null)
2026-07-27 09:36:02.614 INFO  [kafka-admin-client-thread | USER-SERVICE-admin-0] [traceId=, spanId=] o.a.k.c.a.i.AdminMetadataManager - [AdminClient clientId=USER-SERVICE-admin-0] Rebootstrapping with Cluster(id = null, nodes = [localhost:9092 (id: -1 rack: null isFenced: false)], partitions = [], controller = null)
2026-07-27 09:36:02.617 INFO  [kafka-admin-client-thread | USER-SERVICE-admin-0] [traceId=, spanId=] o.a.k.c.a.i.AdminMetadataManager - [AdminClient clientId=USER-SERVICE-admin-0] Rebootstrapping with Cluster(id = null, nodes = [localhost:9092 (id: -1 rack: null isFenced: false)], partitions = [], controller = null)
2026-07-27 09:36:02.725 INFO  [kafka-admin-client-thread | USER-SERVICE-admin-0] [traceId=, spanId=] o.a.k.c.a.i.AdminMetadataManager - [AdminClient clientId=USER-SERVICE-admin-0] Rebootstrapping with Cluster(id = null, nodes = [localhost:9092 (id: -1 rack: null isFenced: false)], partitions = [], controller = null)
2026-07-27 09:36:02.726 INFO  [kafka-admin-client-thread | USER-SERVICE-admin-0] [traceId=, spanId=] o.a.k.c.a.i.AdminMetadataManager - [AdminClient clientId=USER-SERVICE-admin-0] Rebootstrapping with Cluster(id = null, nodes = [localhost:9092 (id: -1 rack: null isFenced: false)], partitions = [], controller = null)
2026-07-27 09:36:02.727 INFO  [kafka-admin-client-thread | USER-SERVICE-admin-0] [traceId=, spanId=] o.a.k.c.a.i.AdminMetadataManager - [AdminClient clientId=USER-SERVICE-admin-0] Rebootstrapping with Cluster(id = null, nodes = [localhost:9092 (id: -1 rack: null isFenced: false)], partitions = [], controller = null)
2026-07-27 09:36:02.727 INFO  [kafka-admin-client-thread | USER-SERVICE-admin-0] [traceId=, spanId=] o.a.k.c.a.i.AdminMetadataManager - [AdminClient clientId=USER-SERVICE-admin-0] Rebootstrapping with Cluster(id = null, nodes = [localhost:9092 (id: -1 rack: null isFenced: false)], partitions = [], controller = null)
2026-07-27 09:36:02.727 INFO  [kafka-admin-client-thread | USER-SERVICE-admin-0] [traceId=, spanId=] o.a.k.c.a.i.AdminMetadataManager - [AdminClient clientId=USER-SERVICE-admin-0] Rebootstrapping with Cluster(id = null, nodes = [localhost:9092 (id: -1 rack: null isFenced: false)], partitions = [], controller = null)
2026-07-27 09:36:02.727 INFO  [kafka-admin-client-thread | USER-SERVICE-admin-0] [traceId=, spanId=] o.a.k.c.a.i.AdminMetadataManager - [AdminClient clientId=USER-SERVICE-admin-0] Rebootstrapping with Cluster(id = null, nodes = [localhost:9092 (id: -1 rack: null isFenced: false)], partitions = [], controller = null)
2026-07-27 09:36:02.727 INFO  [kafka-admin-client-thread | USER-SERVICE-admin-0] [traceId=, spanId=] o.a.k.c.a.i.AdminMetadataManager - [AdminClient clientId=USER-SERVICE-admin-0] Rebootstrapping with Cluster(id = null, nodes = [localhost:9092 (id: -1 rack: null isFenced: false)], partitions = [], controller = null)
2026-07-27 09:36:02.727 INFO  [kafka-admin-client-thread | USER-SERVICE-admin-0] [traceId=, spanId=] o.a.k.c.a.i.AdminMetadataManager - [AdminClient clientId=USER-SERVICE-admin-0] Rebootstrapping with Cluster(id = null, nodes = [localhost:9092 (id: -1 rack: null isFenced: false)], partitions = [], controller = null)
2026-07-27 09:36:02.727 INFO  [kafka-admin-client-thread | USER-SERVICE-admin-0] [traceId=, spanId=] o.a.k.c.a.i.AdminMetadataManager - [AdminClient clientId=USER-SERVICE-admin-0] Rebootstrapping with Cluster(id = null, nodes = [localhost:9092 (id: -1 rack: null isFenced: false)], partitions = [], controller = null)
2026-07-27 09:36:02.727 INFO  [kafka-admin-client-thread | USER-SERVICE-admin-0] [traceId=, spanId=] o.a.k.c.a.i.AdminMetadataManager - [AdminClient clientId=USER-SERVICE-admin-0] Rebootstrapping with Cluster(id = null, nodes = [localhost:9092 (id: -1 rack: null isFenced: false)], partitions = [], controller = null)
2026-07-27 09:36:02.728 INFO  [kafka-admin-client-thread | USER-SERVICE-admin-0] [traceId=, spanId=] o.a.k.c.a.i.AdminMetadataManager - [AdminClient clientId=USER-SERVICE-admin-0] Rebootstrapping with Cluster(id = null, nodes = [localhost:9092 (id: -1 rack: null isFenced: false)], partitions = [], controller = null)
2026-07-27 09:36:02.728 INFO  [kafka-admin-client-thread | USER-SERVICE-admin-0] [traceId=, spanId=] o.a.k.c.a.i.AdminMetadataManager - [AdminClient clientId=USER-SERVICE-admin-0] Rebootstrapping with Cluster(id = null, nodes = [localhost:9092 (id: -1 rack: null isFenced: false)], partitions = [], controller = null)
2026-07-27 09:36:02.728 INFO  [kafka-admin-client-thread | USER-SERVICE-admin-0] [traceId=, spanId=] o.a.k.c.a.i.AdminMetadataManager - [AdminClient clientId=USER-SERVICE-admin-0] Rebootstrapping with Cluster(id = null, nodes = [localhost:9092 (id: -1 rack: null isFenced: false)], partitions = [], controller = null)
2026-07-27 09:36:02.728 INFO  [kafka-admin-client-thread | USER-SERVICE-admin-0] [traceId=, spanId=] o.a.k.c.a.i.AdminMetadataManager - [AdminClient clientId=USER-SERVICE-admin-0] Rebootstrapping with Cluster(id = null, nodes = [localhost:9092 (id: -1 rack: null isFenced: false)], partitions = [], controller = null)
2026-07-27 09:36:02.728 INFO  [kafka-admin-client-thread | USER-SERVICE-admin-0] [traceId=, spanId=] o.a.k.c.a.i.AdminMetadataManager - [AdminClient clientId=USER-SERVICE-admin-0] Rebootstrapping with Cluster(id = null, nodes = [localhost:9092 (id: -1 rack: null isFenced: false)], partitions = [], controller = null)
2026-07-27 09:36:02.728 INFO  [kafka-admin-client-thread | USER-SERVICE-admin-0] [traceId=, spanId=] o.a.k.c.a.i.AdminMetadataManager - [AdminClient clientId=USER-SERVICE-admin-0] Rebootstrapping with Cluster(id = null, nodes = [localhost:9092 (id: -1 rack: null isFenced: false)], partitions = [], controller = null)
2026-07-27 09:36:02.728 INFO  [kafka-admin-client-thread | USER-SERVICE-admin-0] [traceId=, spanId=] o.a.k.c.a.i.AdminMetadataManager - [AdminClient clientId=USER-SERVICE-admin-0] Rebootstrapping with Cluster(id = null, nodes = [localhost:9092 (id: -1 rack: null isFenced: false)], partitions = [], controller = null)
2026-07-27 09:36:02.728 INFO  [kafka-admin-client-thread | USER-SERVICE-admin-0] [traceId=, spanId=] o.a.k.c.a.i.AdminMetadataManager - [AdminClient clientId=USER-SERVICE-admin-0] Rebootstrapping with Cluster(id = null, nodes = [localhost:9092 (id: -1 rack: null isFenced: false)], partitions = [], controller = null)
2026-07-27 09:36:02.728 INFO  [kafka-admin-client-thread | USER-SERVICE-admin-0] [traceId=, spanId=] o.a.k.c.a.i.AdminMetadataManager - [AdminClient clientId=USER-SERVICE-admin-0] Rebootstrapping with Cluster(id = null, nodes = [localhost:9092 (id: -1 rack: null isFenced: false)], partitions = [], controller = null)
2026-07-27 09:36:02.729 INFO  [kafka-admin-client-thread | USER-SERVICE-admin-0] [traceId=, spanId=] o.a.k.c.a.i.AdminMetadataManager - [AdminClient clientId=USER-SERVICE-admin-0] Rebootstrapping with Cluster(id = null, nodes = [localhost:9092 (id: -1 rack: null isFenced: false)], partitions = [], controller = null)
2026-07-27 09:36:02.735 INFO  [kafka-admin-client-thread | USER-SERVICE-admin-0] [traceId=, spanId=] o.a.k.c.a.i.AdminMetadataManager - [AdminClient clientId=USER-SERVICE-admin-0] Rebootstrapping with Cluster(id = null, nodes = [localhost:9092 (id: -1 rack: null isFenced: false)], partitions = [], controller = null)
2026-07-27 09:36:02.736 INFO  [kafka-admin-client-thread | USER-SERVICE-admin-0] [traceId=, spanId=] o.a.k.c.a.i.AdminMetadataManager - [AdminClient clientId=USER-SERVICE-admin-0] Rebootstrapping with Cluster(id = null, nodes = [localhost:9092 (id: -1 rack: null isFenced: false)], partitions = [], controller = null)
2026-07-27 09:36:02.738 INFO  [kafka-admin-client-thread | USER-SERVICE-admin-0] [traceId=, spanId=] o.a.k.c.a.i.AdminMetadataManager - [AdminClient clientId=USER-SERVICE-admin-0] Rebootstrapping with Cluster(id = null, nodes = [localhost:9092 (id: -1 rack: null isFenced: false)], partitions = [], controller = null)
2026-07-27 09:36:02.738 INFO  [kafka-admin-client-thread | USER-SERVICE-admin-0] [traceId=, spanId=] o.a.k.c.a.i.AdminMetadataManager - [AdminClient clientId=USER-SERVICE-admin-0] Rebootstrapping with Cluster(id = null, nodes = [localhost:9092 (id: -1 rack: null isFenced: false)], partitions = [], controller = null)
2026-07-27 09:36:02.740 INFO  [kafka-admin-client-thread | USER-SERVICE-admin-0] [traceId=, spanId=] o.a.k.c.a.i.AdminMetadataManager - [AdminClient clientId=USER-SERVICE-admin-0] Rebootstrapping with Cluster(id = null, nodes = [localhost:9092 (id: -1 rack: null isFenced: false)], partitions = [], controller = null)
2026-07-27 09:36:02.740 INFO  [kafka-admin-client-thread | USER-SERVICE-admin-0] [traceId=, spanId=] o.a.k.c.a.i.AdminMetadataManager - [AdminClient clientId=USER-SERVICE-admin-0] Rebootstrapping with Cluster(id = null, nodes = [localhost:9092 (id: -1 rack: null isFenced: false)], partitions = [], controller = null)
2026-07-27 09:36:02.740 INFO  [kafka-admin-client-thread | USER-SERVICE-admin-0] [traceId=, spanId=] o.a.k.c.a.i.AdminMetadataManager - [AdminClient clientId=USER-SERVICE-admin-0] Rebootstrapping with Cluster(id = null, nodes = [localhost:9092 (id: -1 rack: null isFenced: false)], partitions = [], controller = null)
2026-07-27 09:36:02.845 INFO  [kafka-admin-client-thread | USER-SERVICE-admin-0] [traceId=, spanId=] o.a.k.c.a.i.AdminMetadataManager - [AdminClient clientId=USER-SERVICE-admin-0] Rebootstrapping with Cluster(id = null, nodes = [localhost:9092 (id: -1 rack: null isFenced: false)], partitions = [], controller = null)
2026-07-27 09:36:02.854 INFO  [kafka-admin-client-thread | USER-SERVICE-admin-0] [traceId=, spanId=] o.a.k.c.a.i.AdminMetadataManager - [AdminClient clientId=USER-SERVICE-admin-0] Rebootstrapping with Cluster(id = null, nodes = [localhost:9092 (id: -1 rack: null isFenced: false)], partitions = [], controller = null)
2026-07-27 09:36:02.856 INFO  [kafka-admin-client-thread | USER-SERVICE-admin-0] [traceId=, spanId=] o.a.k.c.a.i.AdminMetadataManager - [AdminClient clientId=USER-SERVICE-admin-0] Rebootstrapping with Cluster(id = null, nodes = [localhost:9092 (id: -1 rack: null isFenced: false)], partitions = [], controller = null)
2026-07-27 09:36:02.857 INFO  [kafka-admin-client-thread | USER-SERVICE-admin-0] [traceId=, spanId=] o.a.k.c.a.i.AdminMetadataManager - [AdminClient clientId=USER-SERVICE-admin-0] Rebootstrapping with Cluster(id = null, nodes = [localhost:9092 (id: -1 rack: null isFenced: false)], partitions = [], controller = null)
2026-07-27 09:36:02.860 INFO  [kafka-admin-client-thread | USER-SERVICE-admin-0] [traceId=, spanId=] o.a.k.c.a.i.AdminMetadataManager - [AdminClient clientId=USER-SERVICE-admin-0] Rebootstrapping with Cluster(id = null, nodes = [localhost:9092 (id: -1 rack: null isFenced: false)], partitions = [], controller = null)
2026-07-27 09:36:02.862 INFO  [kafka-admin-client-thread | USER-SERVICE-admin-0] [traceId=, spanId=] o.a.k.c.a.i.AdminMetadataManager - [AdminClient clientId=USER-SERVICE-admin-0] Rebootstrapping with Cluster(id = null, nodes = [localhost:9092 (id: -1 rack: null isFenced: false)], partitions = [], controller = null)
2026-07-27 09:36:02.863 INFO  [kafka-admin-client-thread | USER-SERVICE-admin-0] [traceId=, spanId=] o.a.k.c.a.i.AdminMetadataManager - [AdminClient clientId=USER-SERVICE-admin-0] Rebootstrapping with Cluster(id = null, nodes = [localhost:9092 (id: -1 rack: null isFenced: false)], partitions = [], controller = null)
2026-07-27 09:36:02.864 INFO  [kafka-admin-client-thread | USER-SERVICE-admin-0] [traceId=, spanId=] o.a.k.c.a.i.AdminMetadataManager - [AdminClient clientId=USER-SERVICE-admin-0] Rebootstrapping with Cluster(id = null, nodes = [localhost:9092 (id: -1 rack: null isFenced: false)], partitions = [], controller = null)
2026-07-27 09:36:02.866 INFO  [kafka-admin-client-thread | USER-SERVICE-admin-0] [traceId=, spanId=] o.a.k.c.a.i.AdminMetadataManager - [AdminClient clientId=USER-SERVICE-admin-0] Rebootstrapping with Cluster(id = null, nodes = [localhost:9092 (id: -1 rack: null isFenced: false)], partitions = [], controller = null)
2026-07-27 09:36:02.867 INFO  [kafka-admin-client-thread | USER-SERVICE-admin-0] [traceId=, spanId=] o.a.k.c.a.i.AdminMetadataManager - [AdminClient clientId=USER-SERVICE-admin-0] Rebootstrapping with Cluster(id = null, nodes = [localhost:9092 (id: -1 rack: null isFenced: false)], partitions = [], controller = null)
2026-07-27 09:36:02.867 INFO  [kafka-admin-client-thread | USER-SERVICE-admin-0] [traceId=, spanId=] o.a.k.c.a.i.AdminMetadataManager - [AdminClient clientId=USER-SERVICE-admin-0] Rebootstrapping with Cluster(id = null, nodes = [localhost:9092 (id: -1 rack: null isFenced: false)], partitions = [], controller = null)
2026-07-27 09:36:02.868 INFO  [kafka-admin-client-thread | USER-SERVICE-admin-0] [traceId=, spanId=] o.a.k.c.a.i.AdminMetadataManager - [AdminClient clientId=USER-SERVICE-admin-0] Rebootstrapping with Cluster(id = null, nodes = [localhost:9092 (id: -1 rack: null isFenced: false)], partitions = [], controller = null)
2026-07-27 09:36:02.869 INFO  [kafka-admin-client-thread | USER-SERVICE-admin-0] [traceId=, spanId=] o.a.k.c.a.i.AdminMetadataManager - [AdminClient clientId=USER-SERVICE-admin-0] Rebootstrapping with Cluster(id = null, nodes = [localhost:9092 (id: -1 rack: null isFenced: false)], partitions = [], controller = null)
2026-07-27 09:36:02.870 INFO  [kafka-admin-client-thread | USER-SERVICE-admin-0] [traceId=, spanId=] o.a.k.c.a.i.AdminMetadataManager - [AdminClient clientId=USER-SERVICE-admin-0] Rebootstrapping with Cluster(id = null, nodes = [localhost:9092 (id: -1 rack: null isFenced: false)], partitions = [], controller = null)
2026-07-27 09:36:02.871 INFO  [kafka-admin-client-thread | USER-SERVICE-admin-0] [traceId=, spanId=] o.a.k.c.a.i.AdminMetadataManager - [AdminClient clientId=USER-SERVICE-admin-0] Rebootstrapping with Cluster(id = null, nodes = [localhost:9092 (id: -1 rack: null isFenced: false)], partitions = [], controller = null)
2026-07-27 09:36:02.871 INFO  [kafka-admin-client-thread | USER-SERVICE-admin-0] [traceId=, spanId=] o.a.k.c.a.i.AdminMetadataManager - [AdminClient clientId=USER-SERVICE-admin-0] Rebootstrapping with Cluster(id = null, nodes = [localhost:9092 (id: -1 rack: null isFenced: false)], partitions = [], controller = null)
2026-07-27 09:36:02.872 INFO  [kafka-admin-client-thread | USER-SERVICE-admin-0] [traceId=, spanId=] o.a.k.c.a.i.AdminMetadataManager - [AdminClient clientId=USER-SERVICE-admin-0] Rebootstrapping with Cluster(id = null, nodes = [localhost:9092 (id: -1 rack: null isFenced: false)], partitions = [], controller = null)
2026-07-27 09:36:02.873 INFO  [kafka-admin-client-thread | USER-SERVICE-admin-0] [traceId=, spanId=] o.a.k.c.a.i.AdminMetadataManager - [AdminClient clientId=USER-SERVICE-admin-0] Rebootstrapping with Cluster(id = null, nodes = [localhost:9092 (id: -1 rack: null isFenced: false)], partitions = [], controller = null)
2026-07-27 09:36:02.873 INFO  [kafka-admin-client-thread | USER-SERVICE-admin-0] [traceId=, spanId=] o.a.k.c.a.i.AdminMetadataManager - [AdminClient clientId=USER-SERVICE-admin-0] Rebootstrapping with Cluster(id = null, nodes = [localhost:9092 (id: -1 rack: null isFenced: false)], partitions = [], controller = null)
2026-07-27 09:36:02.873 INFO  [kafka-admin-client-thread | USER-SERVICE-admin-0] [traceId=, spanId=] o.a.k.c.a.i.AdminMetadataManager - [AdminClient clientId=USER-SERVICE-admin-0] Rebootstrapping with Cluster(id = null, nodes = [localhost:9092 (id: -1 rack: null isFenced: false)], partitions = [], controller = null)
2026-07-27 09:36:02.874 INFO  [kafka-admin-client-thread | USER-SERVICE-admin-0] [traceId=, spanId=] o.a.k.c.a.i.AdminMetadataManager - [AdminClient clientId=USER-SERVICE-admin-0] Rebootstrapping with Cluster(id = null, nodes = [localhost:9092 (id: -1 rack: null isFenced: false)], partitions = [], controller = null)
2026-07-27 09:36:02.874 INFO  [kafka-admin-client-thread | USER-SERVICE-admin-0] [traceId=, spanId=] o.a.k.c.a.i.AdminMetadataManager - [AdminClient clientId=USER-SERVICE-admin-0] Rebootstrapping with Cluster(id = null, nodes = [localhost:9092 (id: -1 rack: null isFenced: false)], partitions = [], controller = null)
2026-07-27 09:36:02.875 INFO  [kafka-admin-client-thread | USER-SERVICE-admin-0] [traceId=, spanId=] o.a.k.c.a.i.AdminMetadataManager - [AdminClient clientId=USER-SERVICE-admin-0] Rebootstrapping with Cluster(id = null, nodes = [localhost:9092 (id: -1 rack: null isFenced: false)], partitions = [], controller = null)
2026-07-27 09:36:02.876 INFO  [kafka-admin-client-thread | USER-SERVICE-admin-0] [traceId=, spanId=] o.a.k.c.a.i.AdminMetadataManager - [AdminClient clientId=USER-SERVICE-admin-0] Rebootstrapping with Cluster(id = null, nodes = [localhost:9092 (id: -1 rack: null isFenced: false)], partitions = [], controller = null)
2026-07-27 09:36:02.876 INFO  [kafka-admin-client-thread | USER-SERVICE-admin-0] [traceId=, spanId=] o.a.k.c.a.i.AdminMetadataManager - [AdminClient clientId=USER-SERVICE-admin-0] Rebootstrapping with Cluster(id = null, nodes = [localhost:9092 (id: -1 rack: null isFenced: false)], partitions = [], controller = null)
2026-07-27 09:36:02.876 INFO  [kafka-admin-client-thread | USER-SERVICE-admin-0] [traceId=, spanId=] o.a.k.c.a.i.AdminMetadataManager - [AdminClient clientId=USER-SERVICE-admin-0] Rebootstrapping with Cluster(id = null, nodes = [localhost:9092 (id: -1 rack: null isFenced: false)], partitions = [], controller = null)
2026-07-27 09:36:02.876 INFO  [kafka-admin-client-thread | USER-SERVICE-admin-0] [traceId=, spanId=] o.a.k.c.a.i.AdminMetadataManager - [AdminClient clientId=USER-SERVICE-admin-0] Rebootstrapping with Cluster(id = null, nodes = [localhost:9092 (id: -1 rack: null isFenced: false)], partitions = [], controller = null)
2026-07-27 09:36:02.876 INFO  [kafka-admin-client-thread | USER-SERVICE-admin-0] [traceId=, spanId=] o.a.k.c.a.i.AdminMetadataManager - [AdminClient clientId=USER-SERVICE-admin-0] Rebootstrapping with Cluster(id = null, nodes = [localhost:9092 (id: -1 rack: null isFenced: false)], partitions = [], controller = null)
2026-07-27 09:36:02.984 INFO  [kafka-admin-client-thread | USER-SERVICE-admin-0] [traceId=, spanId=] o.a.k.c.a.i.AdminMetadataManager - [AdminClient clientId=USER-SERVICE-admin-0] Rebootstrapping with Cluster(id = null, nodes = [localhost:9092 (id: -1 rack: null isFenced: false)], partitions = [], controller = null)
2026-07-27 09:36:02.985 INFO  [kafka-admin-client-thread | USER-SERVICE-admin-0] [traceId=, spanId=] o.a.k.c.a.i.AdminMetadataManager - [AdminClient clientId=USER-SERVICE-admin-0] Rebootstrapping with Cluster(id = null, nodes = [localhost:9092 (id: -1 rack: null isFenced: false)], partitions = [], controller = null)
2026-07-27 09:36:02.985 INFO  [kafka-admin-client-thread | USER-SERVICE-admin-0] [traceId=, spanId=] o.a.k.c.a.i.AdminMetadataManager - [AdminClient clientId=USER-SERVICE-admin-0] Rebootstrapping with Cluster(id = null, nodes = [localhost:9092 (id: -1 rack: null isFenced: false)], partitions = [], controller = null)
2026-07-27 09:36:02.985 INFO  [kafka-admin-client-thread | USER-SERVICE-admin-0] [traceId=, spanId=] o.a.k.c.a.i.AdminMetadataManager - [AdminClient clientId=USER-SERVICE-admin-0] Rebootstrapping with Cluster(id = null, nodes = [localhost:9092 (id: -1 rack: null isFenced: false)], partitions = [], controller = null)
2026-07-27 09:36:02.985 INFO  [kafka-admin-client-thread | USER-SERVICE-admin-0] [traceId=, spanId=] o.a.k.c.a.i.AdminMetadataManager - [AdminClient clientId=USER-SERVICE-admin-0] Rebootstrapping with Cluster(id = null, nodes = [localhost:9092 (id: -1 rack: null isFenced: false)], partitions = [], controller = null)
2026-07-27 09:36:02.985 INFO  [kafka-admin-client-thread | USER-SERVICE-admin-0] [traceId=, spanId=] o.a.k.c.a.i.AdminMetadataManager - [AdminClient clientId=USER-SERVICE-admin-0] Rebootstrapping with Cluster(id = null, nodes = [localhost:9092 (id: -1 rack: null isFenced: false)], partitions = [], controller = null)
2026-07-27 09:36:02.985 INFO  [kafka-admin-client-thread | USER-SERVICE-admin-0] [traceId=, spanId=] o.a.k.c.a.i.AdminMetadataManager - [AdminClient clientId=USER-SERVICE-admin-0] Rebootstrapping with Cluster(id = null, nodes = [localhost:9092 (id: -1 rack: null isFenced: false)], partitions = [], controller = null)
2026-07-27 09:36:02.985 INFO  [kafka-admin-client-thread | USER-SERVICE-admin-0] [traceId=, spanId=] o.a.k.c.a.i.AdminMetadataManager - [AdminClient clientId=USER-SERVICE-admin-0] Rebootstrapping with Cluster(id = null, nodes = [localhost:9092 (id: -1 rack: null isFenced: false)], partitions = [], controller = null)
2026-07-27 09:36:02.985 INFO  [kafka-admin-client-thread | USER-SERVICE-admin-0] [traceId=, spanId=] o.a.k.c.a.i.AdminMetadataManager - [AdminClient clientId=USER-SERVICE-admin-0] Rebootstrapping with Cluster(id = null, nodes = [localhost:9092 (id: -1 rack: null isFenced: false)], partitions = [], controller = null)
2026-07-27 09:36:02.986 INFO  [kafka-admin-client-thread | USER-SERVICE-admin-0] [traceId=, spanId=] o.a.k.c.a.i.AdminMetadataManager - [AdminClient clientId=USER-SERVICE-admin-0] Rebootstrapping with Cluster(id = null, nodes = [localhost:9092 (id: -1 rack: null isFenced: false)], partitions = [], controller = null)
2026-07-27 09:36:02.994 INFO  [kafka-admin-client-thread | USER-SERVICE-admin-0] [traceId=, spanId=] o.a.k.c.a.i.AdminMetadataManager - [AdminClient clientId=USER-SERVICE-admin-0] Rebootstrapping with Cluster(id = null, nodes = [localhost:9092 (id: -1 rack: null isFenced: false)], partitions = [], controller = null)
2026-07-27 09:36:02.996 INFO  [kafka-admin-client-thread | USER-SERVICE-admin-0] [traceId=, spanId=] o.a.k.c.a.i.AdminMetadataManager - [AdminClient clientId=USER-SERVICE-admin-0] Rebootstrapping with Cluster(id = null, nodes = [localhost:9092 (id: -1 rack: null isFenced: false)], partitions = [], controller = null)
2026-07-27 09:36:02.999 INFO  [kafka-admin-client-thread | USER-SERVICE-admin-0] [traceId=, spanId=] o.a.k.c.a.i.AdminMetadataManager - [AdminClient clientId=USER-SERVICE-admin-0] Rebootstrapping with Cluster(id = null, nodes = [localhost:9092 (id: -1 rack: null isFenced: false)], partitions = [], controller = null)
2026-07-27 09:36:02.999 INFO  [kafka-admin-client-thread | USER-SERVICE-admin-0] [traceId=, spanId=] o.a.k.c.a.i.AdminMetadataManager - [AdminClient clientId=USER-SERVICE-admin-0] Rebootstrapping with Cluster(id = null, nodes = [localhost:9092 (id: -1 rack: null isFenced: false)], partitions = [], controller = null)
2026-07-27 09:36:02.999 INFO  [kafka-admin-client-thread | USER-SERVICE-admin-0] [traceId=, spanId=] o.a.k.c.a.i.AdminMetadataManager - [AdminClient clientId=USER-SERVICE-admin-0] Rebootstrapping with Cluster(id = null, nodes = [localhost:9092 (id: -1 rack: null isFenced: false)], partitions = [], controller = null)
2026-07-27 09:36:03.000 INFO  [kafka-admin-client-thread | USER-SERVICE-admin-0] [traceId=, spanId=] o.a.k.c.a.i.AdminMetadataManager - [AdminClient clientId=USER-SERVICE-admin-0] Rebootstrapping with Cluster(id = null, nodes = [localhost:9092 (id: -1 rack: null isFenced: false)], partitions = [], controller = null)
2026-07-27 09:36:03.003 INFO  [kafka-admin-client-thread | USER-SERVICE-admin-0] [traceId=, spanId=] o.a.k.c.a.i.AdminMetadataManager - [AdminClient clientId=USER-SERVICE-admin-0] Rebootstrapping with Cluster(id = null, nodes = [localhost:9092 (id: -1 rack: null isFenced: false)], partitions = [], controller = null)
2026-07-27 09:36:03.003 INFO  [kafka-admin-client-thread | USER-SERVICE-admin-0] [traceId=, spanId=] o.a.k.c.a.i.AdminMetadataManager - [AdminClient clientId=USER-SERVICE-admin-0] Rebootstrapping with Cluster(id = null, nodes = [localhost:9092 (id: -1 rack: null isFenced: false)], partitions = [], controller = null)
2026-07-27 09:36:03.003 INFO  [kafka-admin-client-thread | USER-SERVICE-admin-0] [traceId=, spanId=] o.a.k.c.a.i.AdminMetadataManager - [AdminClient clientId=USER-SERVICE-admin-0] Rebootstrapping with Cluster(id = null, nodes = [localhost:9092 (id: -1 rack: null isFenced: false)], partitions = [], controller = null)
2026-07-27 09:36:03.003 INFO  [kafka-admin-client-thread | USER-SERVICE-admin-0] [traceId=, spanId=] o.a.k.c.a.i.AdminMetadataManager - [AdminClient clientId=USER-SERVICE-admin-0] Rebootstrapping with Cluster(id = null, nodes = [localhost:9092 (id: -1 rack: null isFenced: false)], partitions = [], controller = null)
2026-07-27 09:36:03.003 INFO  [kafka-admin-client-thread | USER-SERVICE-admin-0] [traceId=, spanId=] o.a.k.c.a.i.AdminMetadataManager - [AdminClient clientId=USER-SERVICE-admin-0] Rebootstrapping with Cluster(id = null, nodes = [localhost:9092 (id: -1 rack: null isFenced: false)], partitions = [], controller = null)
2026-07-27 09:36:03.003 INFO  [kafka-admin-client-thread | USER-SERVICE-admin-0] [traceId=, spanId=] o.a.k.c.a.i.AdminMetadataManager - [AdminClient clientId=USER-SERVICE-admin-0] Rebootstrapping with Cluster(id = null, nodes = [localhost:9092 (id: -1 rack: null isFenced: false)], partitions = [], controller = null)
2026-07-27 09:36:03.003 INFO  [kafka-admin-client-thread | USER-SERVICE-admin-0] [traceId=, spanId=] o.a.k.c.a.i.AdminMetadataManager - [AdminClient clientId=USER-SERVICE-admin-0] Rebootstrapping with Cluster(id = null, nodes = [localhost:9092 (id: -1 rack: null isFenced: false)], partitions = [], controller = null)
2026-07-27 09:36:03.005 INFO  [kafka-admin-client-thread | USER-SERVICE-admin-0] [traceId=, spanId=] o.a.k.c.a.i.AdminMetadataManager - [AdminClient clientId=USER-SERVICE-admin-0] Rebootstrapping with Cluster(id = null, nodes = [localhost:9092 (id: -1 rack: null isFenced: false)], partitions = [], controller = null)
2026-07-27 09:36:03.005 INFO  [kafka-admin-client-thread | USER-SERVICE-admin-0] [traceId=, spanId=] o.a.k.c.a.i.AdminMetadataManager - [AdminClient clientId=USER-SERVICE-admin-0] Rebootstrapping with Cluster(id = null, nodes = [localhost:9092 (id: -1 rack: null isFenced: false)], partitions = [], controller = null)
2026-07-27 09:36:03.006 INFO  [kafka-admin-client-thread | USER-SERVICE-admin-0] [traceId=, spanId=] o.a.k.c.a.i.AdminMetadataManager - [AdminClient clientId=USER-SERVICE-admin-0] Rebootstrapping with Cluster(id = null, nodes = [localhost:9092 (id: -1 rack: null isFenced: false)], partitions = [], controller = null)
2026-07-27 09:36:03.006 INFO  [kafka-admin-client-thread | USER-SERVICE-admin-0] [traceId=, spanId=] o.a.k.c.a.i.AdminMetadataManager - [AdminClient clientId=USER-SERVICE-admin-0] Rebootstrapping with Cluster(id = null, nodes = [localhost:9092 (id: -1 rack: null isFenced: false)], partitions = [], controller = null)
2026-07-27 09:36:03.006 INFO  [kafka-admin-client-thread | USER-SERVICE-admin-0] [traceId=, spanId=] o.a.k.c.a.i.AdminMetadataManager - [AdminClient clientId=USER-SERVICE-admin-0] Rebootstrapping with Cluster(id = null, nodes = [localhost:9092 (id: -1 rack: null isFenced: false)], partitions = [], controller = null)
2026-07-27 09:36:03.012 INFO  [kafka-admin-client-thread | USER-SERVICE-admin-0] [traceId=, spanId=] o.a.k.c.a.i.AdminMetadataManager - [AdminClient clientId=USER-SERVICE-admin-0] Rebootstrapping with Cluster(id = null, nodes = [localhost:9092 (id: -1 rack: null isFenced: false)], partitions = [], controller = null)
